Mnis Id,Member,Party,Donations Penalty,Employment Penalty,Gifts Penalty,Overseas Penalty,Property Penalty,Shareholdings Penalty,Family Penalty,Miscellaneous Penalty,Raw Interest Penalty,Concentration Penalty,Rectification Count,Transparency Penalty,Total Raw Penalty,Calibration K,Final Score,Grade
5262,Alex Easton,Independent,0.0,0.0,0.0,0.0,0.0,0.0,0.0,0.0,0.0,0.0,0,0.0,0.0,30.0,100.0,A+
4630,Ben Lake,Plaid Cymru,0.0,0.0,0.0,0.0,0.0,0.0,0.0,0.0,0.0,0.0,0,0.0,0.0,30.0,100.0,A+
4698,Janet Daby,Labour,0.0,0.0,0.0,0.0,0.0,0.0,0.0,0.0,0.0,0.0,0,0.0,0.0,30.0,100.0,A+
4976,Samantha Dixon,Labour,0.0,0.0,0.0,0.0,0.0,0.0,0.0,0.0,0.0,0.0,0,0.0,0.0,30.0,100.0,A+
529,Sir Alan Campbell,Labour,0.0,0.0,0.0,0.0,0.0,0.0,0.0,0.0,0.0,0.0,0,0.0,0.0,30.0,100.0,A+
5125,Sorcha Eastwood,Alliance,0.0,0.0,0.0,0.0,0.0,0.0,0.0,0.0,0.0,0.0,0,0.0,0.0,30.0,100.0,A+
4860,Dr Kieran Mullan,Conservative,2.0,0.0,0.0,3.0,0.0,0.0,0.0,3.0,8.0,0.0,0,0.0,8.0,30.0,78.94736842105263,B
4571,Gill Furniss,Labour,0.0,0.0,0.0,3.0,0.0,0.0,2.0,1.0,6.0,3.0,0,0.0,9.0,30.0,76.92307692307692,B
4679,Neil O'Brien,Conservative,0.0,0.0,2.0,0.0,0.0,0.0,0.0,1.0,3.0,6.0,0,0.0,9.0,30.0,76.92307692307692,B
1533,Dame Diana Johnson,Labour,0.0,0.0,0.0,3.0,0.0,0.0,2.0,1.25,6.25,3.0,0,0.0,9.25,30.0,76.43312101910828,B
4382,Daniel Zeichner,Labour,0.0,0.0,0.0,0.0,0.0,4.0,0.0,3.0,7.0,3.0,0,0.0,10.0,30.0,75.0,B
5187,Josh Dean,Labour,0.0,0.0,0.0,0.0,3.0,0.0,0.0,4.0,7.0,3.0,0,0.0,10.0,30.0,75.0,B
4029,Lilian Greenwood,Labour,3.0,0.0,4.0,0.0,0.0,0.0,0.0,0.0,7.0,3.0,0,0.0,10.0,30.0,75.0,B
483,Maria Eagle,Labour,3.0,0.0,4.0,0.0,0.0,0.0,0.0,0.0,7.0,3.0,0,0.0,10.0,30.0,75.0,B
4667,Mike Amesbury,Independent,4.0,0.0,0.0,0.0,3.0,0.0,0.0,0.0,7.0,3.0,0,0.0,10.0,30.0,75.0,B
1409,Mr Gregory Campbell,Democratic Unionist Party,0.0,0.0,4.0,0.0,0.0,0.0,2.0,1.0,7.0,3.0,0,0.0,10.0,30.0,75.0,B
54,Sir Julian Lewis,Conservative,0.0,0.0,4.0,0.0,3.0,0.0,0.0,0.0,7.0,3.0,0,0.0,10.0,30.0,75.0,B
4076,Valerie Vaz,Labour,0.0,0.0,4.0,0.0,0.0,0.0,2.0,1.0,7.0,3.0,0,0.0,10.0,30.0,75.0,B
1516,Andy Slaughter,Labour,0.0,0.0,0.0,0.0,0.0,0.0,0.0,1.0,1.0,10.0,0,0.0,11.0,30.0,73.17073170731707,B-
491,Dame Angela Eagle,Labour,0.0,0.0,0.0,0.0,0.0,0.0,0.0,1.0,1.0,10.0,0,0.0,11.0,30.0,73.17073170731707,B-
4736,Dave Doogan,Scottish National Party,0.0,0.0,4.0,3.0,0.0,0.0,0.0,1.0,8.0,3.0,0,0.0,11.0,30.0,73.17073170731707,B-
429,Derek Twigg,Labour,3.0,0.0,4.0,0.0,0.0,0.0,0.0,1.0,8.0,3.0,0,0.0,11.0,30.0,73.17073170731707,B-
5361,James McMurdock,Independent,0.0,4.0,0.0,3.0,0.0,0.0,0.0,4.0,11.0,0.0,0,0.0,11.0,30.0,73.17073170731707,B-
4391,Judith Cummins,Labour,0.0,0.0,0.0,3.0,0.0,0.0,2.0,0.0,5.0,6.0,0,0.0,11.0,30.0,73.17073170731707,B-
4491,Vicky Foxcroft,Labour,0.0,0.0,4.0,3.0,3.0,0.0,0.0,1.0,11.0,0.0,0,0.0,11.0,30.0,73.17073170731707,B-
5035,Will Stone,Labour,4.0,2.0,0.0,0.0,0.0,0.0,0.0,2.0,8.0,3.0,0,0.0,11.0,30.0,73.17073170731707,B-
4697,Órfhlaith Begley,Sinn Féin,0.0,0.0,0.0,0.0,0.0,0.0,0.0,1.0,1.0,10.0,0,0.0,11.0,30.0,73.17073170731707,B-
4853,Dr Neil Hudson,Conservative,0.0,4.0,0.0,0.0,0.0,0.0,0.0,4.25,8.25,3.0,0,0.0,11.25,30.0,72.72727272727273,B-
5085,Llinos Medi,Plaid Cymru,0.0,4.0,0.0,0.0,0.0,0.0,0.0,4.75,8.75,3.0,0,0.0,11.75,30.0,71.8562874251497,B-
5450,Douglas Lumsden,Conservative,0.0,2.0,0.0,0.0,0.0,0.0,0.0,0.0,2.0,10.0,0,0.0,12.0,30.0,71.42857142857143,B-
449,Graham Stringer,Labour,0.0,0.0,0.0,0.0,0.0,0.0,2.0,4.0,6.0,6.0,0,0.0,12.0,30.0,71.42857142857143,B-
5145,Irene Campbell,Labour,4.0,4.0,0.0,3.0,0.0,0.0,0.0,1.0,12.0,0.0,0,0.0,12.0,30.0,71.42857142857143,B-
4357,Kirsty Blackman,Scottish National Party,0.0,0.0,0.0,3.0,0.0,0.0,0.0,1.0,4.0,8.0,0,0.0,12.0,30.0,71.42857142857143,B-
4026,Liz Kendall,Labour,2.0,0.0,4.0,0.0,0.0,0.0,0.0,0.0,6.0,6.0,0,0.0,12.0,30.0,71.42857142857143,B-
4126,Mary Glindon,Labour,2.0,0.0,0.0,0.0,0.0,0.0,0.0,0.0,2.0,10.0,0,0.0,12.0,30.0,71.42857142857143,B-
4520,Matthew Pennycook,Labour,2.0,0.0,0.0,0.0,0.0,0.0,0.0,0.0,2.0,10.0,0,0.0,12.0,30.0,71.42857142857143,B-
3928,Nick Smith,Labour,2.0,0.0,0.0,0.0,0.0,0.0,0.0,0.0,2.0,10.0,0,0.0,12.0,30.0,71.42857142857143,B-
5261,Pat Cullen,Sinn Féin,0.0,0.0,0.0,3.0,0.0,0.0,0.0,1.0,4.0,8.0,0,0.0,12.0,30.0,71.42857142857143,B-
4616,Rosie Duffield,Independent,4.0,2.0,0.0,0.0,0.0,0.0,0.0,0.0,6.0,6.0,0,0.0,12.0,30.0,71.42857142857143,B-
5178,Sally Jameson,Labour (Co-op),4.0,0.0,4.0,0.0,0.0,0.0,0.0,1.0,9.0,3.0,0,0.0,12.0,30.0,71.42857142857143,B-
467,Sir Lindsay Hoyle,Speaker,2.0,0.0,0.0,0.0,0.0,0.0,0.0,0.0,2.0,10.0,0,0.0,12.0,30.0,71.42857142857143,B-
4873,Rachel Hopkins,Labour,2.0,0.0,0.0,0.0,3.0,0.0,0.0,4.25,9.25,3.0,0,0.0,12.25,30.0,71.00591715976331,B-
193,Dame Siobhain McDonagh,Labour,0.0,0.0,2.5,0.0,0.0,0.0,0.0,0.0,2.5,10.0,0,0.0,12.5,30.0,70.58823529411764,B-
4647,Julia Lopez,Conservative,0.0,0.0,2.5,0.0,0.0,0.0,0.0,0.0,2.5,10.0,0,0.0,12.5,30.0,70.58823529411764,B-
5151,David Williams,Labour,4.0,4.0,0.0,0.0,3.75,0.0,0.0,1.0,12.75,0.0,0,0.0,12.75,30.0,70.17543859649122,B-
5349,Alex McIntyre,Labour,5.0,4.0,0.0,0.0,0.0,0.0,0.0,1.0,10.0,3.0,0,0.0,13.0,30.0,69.76744186046511,C+
4981,Ashley Dalton,Labour,0.0,0.0,0.0,0.0,3.0,0.0,0.0,0.0,3.0,10.0,0,0.0,13.0,30.0,69.76744186046511,C+
4857,Carla Lockhart,Democratic Unionist Party,0.0,4.0,0.0,0.0,5.0,0.0,0.0,1.0,10.0,3.0,0,0.0,13.0,30.0,69.76744186046511,C+
4827,Claire Hanna,Social Democratic & Labour Party,0.0,0.0,0.0,3.0,0.0,0.0,0.0,0.0,3.0,10.0,0,0.0,13.0,30.0,69.76744186046511,C+
4362,Edward Argar,Conservative,4.0,0.0,0.0,0.0,0.0,0.0,0.0,1.0,5.0,8.0,0,0.0,13.0,30.0,69.76744186046511,C+
4360,Gavin Robinson,Democratic Unionist Party,0.0,0.0,4.0,3.0,0.0,0.0,2.0,4.0,13.0,0.0,0,0.0,13.0,30.0,69.76744186046511,C+
5104,Gill German,Labour,5.0,4.0,0.0,0.0,0.0,0.0,0.0,4.0,13.0,0.0,0,0.0,13.0,30.0,69.76744186046511,C+
413,Hilary Benn,Labour,3.0,0.0,4.0,0.0,3.0,0.0,2.0,1.0,13.0,0.0,0,0.0,13.0,30.0,69.76744186046511,C+
5211,James Asser,Labour,0.0,0.0,0.0,0.0,0.0,0.0,0.0,3.0,3.0,10.0,0,0.0,13.0,30.0,69.76744186046511,C+
5137,Maureen Burke,Labour,4.0,0.0,0.0,0.0,0.0,0.0,0.0,1.0,5.0,8.0,0,0.0,13.0,30.0,69.76744186046511,C+
5228,Maya Ellis,Labour,2.0,4.0,5.0,0.0,0.0,0.0,0.0,2.0,13.0,0.0,0,0.0,13.0,30.0,69.76744186046511,C+
4457,Ms Marie Rimmer,Labour,0.0,0.0,0.0,3.0,0.0,0.0,0.0,0.0,3.0,10.0,0,0.0,13.0,30.0,69.76744186046511,C+
3909,Pamela Nash,Labour,3.0,0.0,0.0,0.0,0.0,0.0,0.0,0.0,3.0,10.0,0,0.0,13.0,30.0,69.76744186046511,C+
5071,Paul Waugh,Labour (Co-op),4.0,0.0,4.0,3.0,0.0,0.0,0.0,2.0,13.0,0.0,0,0.0,13.0,30.0,69.76744186046511,C+
4397,Peter Dowd,Labour,0.0,0.0,0.0,3.0,0.0,0.0,0.0,0.0,3.0,10.0,0,0.0,13.0,30.0,69.76744186046511,C+
5223,Jim Dickson,Labour,0.0,0.0,0.0,0.0,0.0,4.0,0.0,1.25,5.25,8.0,0,0.0,13.25,30.0,69.36416184971098,C+
5127,John Slinger,Labour,2.0,0.0,0.0,6.0,0.0,0.0,0.0,2.25,10.25,3.0,0,0.0,13.25,30.0,69.36416184971098,C+
5126,Dave Robertson,Labour,2.0,0.0,0.0,0.0,0.0,0.0,0.0,5.75,7.75,6.0,0,0.0,13.75,30.0,68.57142857142857,C+
5010,Damien Egan,Labour,2.0,0.0,0.0,6.0,0.0,0.0,0.0,3.0,11.0,3.0,0,0.0,14.0,30.0,68.18181818181817,C+
4781,Dr Luke Evans,Conservative,5.0,0.0,0.0,0.0,0.0,0.0,0.0,1.0,6.0,8.0,0,0.0,14.0,30.0,68.18181818181817,C+
4822,Feryal Clark,Labour,3.0,0.0,0.0,3.0,3.0,0.0,4.0,1.0,14.0,0.0,0,0.0,14.0,30.0,68.18181818181817,C+
5449,Lara Bird,Scottish National Party,0.0,4.0,0.0,0.0,0.0,0.0,0.0,0.0,4.0,10.0,0,0.0,14.0,30.0,68.18181818181817,C+
5028,Lewis Atkinson,Labour,0.0,0.0,0.0,0.0,0.0,5.0,0.0,6.0,11.0,3.0,0,0.0,14.0,30.0,68.18181818181817,C+
5251,Martin Rhodes,Labour,5.0,4.0,0.0,0.0,0.0,0.0,0.0,2.0,11.0,3.0,0,0.0,14.0,30.0,68.18181818181817,C+
5293,Cat Eccles,Labour,4.0,4.0,0.0,3.0,0.0,0.0,0.0,4.0,15.0,0.0,0,0.0,15.0,30.0,66.66666666666667,C+
5058,Juliet Campbell,Labour,7.0,0.0,2.0,0.0,0.0,0.0,0.0,3.0,12.0,3.0,0,0.0,15.0,30.0,66.66666666666667,C+
4869,Nadia Whittome,Labour,5.0,0.0,0.0,0.0,0.0,0.0,0.0,0.0,5.0,10.0,0,0.0,15.0,30.0,66.66666666666667,C+
4471,Rachael Maskell,Labour (Co-op),6.0,0.0,0.0,0.0,3.0,0.0,0.0,3.0,12.0,3.0,0,0.0,15.0,30.0,66.66666666666667,C+
345,Sir Edward Leigh,Conservative,0.0,0.0,0.0,6.0,0.0,0.0,2.0,1.0,9.0,6.0,0,0.0,15.0,30.0,66.66666666666667,C+
5310,Mr Lee Dillon,Liberal Democrat,6.0,4.5,4.0,0.0,0.0,0.0,0.0,1.0,15.5,0.0,0,0.0,15.5,30.0,65.93406593406594,C+
4494,Simon Hoare,Conservative,2.0,0.0,0.0,3.0,4.5,0.0,2.0,4.0,15.5,0.0,0,0.0,15.5,30.0,65.93406593406594,C+
5113,Claire Hughes,Labour,3.0,0.0,4.0,0.0,3.75,0.0,0.0,5.0,15.75,0.0,0,0.0,15.75,30.0,65.57377049180329,C+
5117,Sarah Smith,Labour,2.0,0.0,0.0,0.0,6.75,4.0,0.0,0.0,12.75,3.0,0,0.0,15.75,30.0,65.57377049180329,C+
1506,Andrew Gwynne,Independent,3.0,0.0,0.0,6.0,3.0,0.0,0.0,4.0,16.0,0.0,0,0.0,16.0,30.0,65.21739130434783,C+
4871,Christian Wakeford,Labour,0.0,0.0,0.0,6.0,0.0,0.0,0.0,0.0,6.0,10.0,0,0.0,16.0,30.0,65.21739130434783,C+
4846,Colum Eastwood,Social Democratic & Labour Party,0.0,0.0,4.0,6.0,0.0,0.0,0.0,3.0,13.0,3.0,0,0.0,16.0,30.0,65.21739130434783,C+
3969,Damian Hinds,Conservative,6.0,0.0,4.0,0.0,3.0,0.0,0.0,0.0,13.0,3.0,0,0.0,16.0,30.0,65.21739130434783,C+
5334,Dr Allison Gardner,Labour,4.0,0.0,0.0,0.0,0.0,0.0,0.0,6.0,10.0,6.0,0,0.0,16.0,30.0,65.21739130434783,C+
5277,Graham Leadbitter,Scottish National Party,2.0,5.0,0.0,6.0,0.0,0.0,0.0,0.0,13.0,3.0,0,0.0,16.0,30.0,65.21739130434783,C+
5289,Harpreet Uppal,Labour,6.0,0.0,0.0,0.0,0.0,0.0,0.0,0.0,6.0,10.0,0,0.0,16.0,30.0,65.21739130434783,C+
4418,Justin Madders,Labour,2.0,0.0,4.0,6.0,0.0,0.0,0.0,4.0,16.0,0.0,0,0.0,16.0,30.0,65.21739130434783,C+
4753,Mary Kelly Foy,Labour,6.0,0.0,0.0,0.0,0.0,0.0,0.0,0.0,6.0,10.0,0,0.0,16.0,30.0,65.21739130434783,C+
4654,Matt Rodda,Labour,6.0,0.0,0.0,0.0,0.0,0.0,0.0,0.0,6.0,10.0,0,0.0,16.0,30.0,65.21739130434783,C+
4617,Matt Western,Labour,0.0,0.0,0.0,6.0,3.0,4.0,0.0,0.0,13.0,3.0,0,0.0,16.0,30.0,65.21739130434783,C+
4316,Mike Kane,Labour,0.0,0.0,0.0,0.0,0.0,0.0,0.0,6.0,6.0,10.0,0,0.0,16.0,30.0,65.21739130434783,C+
5119,Natasha Irons,Labour,0.0,6.0,0.0,0.0,0.0,0.0,0.0,0.0,6.0,10.0,0,0.0,16.0,30.0,65.21739130434783,C+
5302,Noah Law,Labour,0.0,4.0,0.0,6.0,0.0,0.0,0.0,3.0,13.0,3.0,0,0.0,16.0,30.0,65.21739130434783,C+
55,Sir Desmond Swayne,Conservative,0.0,0.0,0.0,0.0,6.0,0.0,2.0,0.0,8.0,8.0,0,0.0,16.0,30.0,65.21739130434783,C+
5221,Steve Witherden,Labour,6.0,0.0,2.0,3.0,0.0,0.0,0.0,5.0,16.0,0.0,0,0.0,16.0,30.0,65.21739130434783,C+
5244,Chris Hinchliff,Labour,0.0,7.0,0.0,0.0,0.0,0.0,0.0,3.25,10.25,6.0,0,0.0,16.25,30.0,64.86486486486487,C
4444,Karin Smyth,Labour,0.0,0.0,7.0,0.0,0.0,0.0,0.0,1.25,8.25,8.0,0,0.0,16.25,30.0,64.86486486486487,C
410,Jon Trickett,Labour,6.5,0.0,0.0,0.0,0.0,0.0,0.0,4.0,10.5,6.0,0,0.0,16.5,30.0,64.51612903225806,C
5256,Jonathan Davies,Labour,0.0,6.5,2.5,3.75,0.0,0.0,0.0,3.75,16.5,0.0,0,0.0,16.5,30.0,64.51612903225806,C
5147,Luke Myer,Labour,7.0,0.0,4.0,0.0,0.0,0.0,0.0,2.5,13.5,3.0,0,0.0,16.5,30.0,64.51612903225806,C
5291,Catherine Fookes,Labour,8.0,0.0,2.5,0.0,0.0,0.0,0.0,3.25,13.75,3.0,0,0.0,16.75,30.0,64.1711229946524,C
4212,Debbie Abrahams,Labour,6.75,0.0,0.0,0.0,0.0,0.0,0.0,0.0,6.75,10.0,0,0.0,16.75,30.0,64.1711229946524,C
5242,Michael Wheeler,Labour,2.0,6.0,5.0,0.0,0.0,0.0,0.0,3.75,16.75,0.0,0,0.0,16.75,30.0,64.1711229946524,C
5246,Torcuil Crichton,Labour,3.0,4.0,6.0,0.0,3.75,0.0,0.0,0.0,16.75,0.0,0,0.0,16.75,30.0,64.1711229946524,C
5205,Ben Goldsborough,Labour,2.0,0.0,8.0,0.0,0.0,0.0,0.0,1.0,11.0,6.0,0,0.0,17.0,30.0,63.82978723404256,C
4798,Gareth Bacon,Conservative,0.0,8.0,0.0,3.0,0.0,0.0,0.0,3.0,14.0,3.0,0,0.0,17.0,30.0,63.82978723404256,C
5356,Jim Allister,Traditional Unionist Voice,3.0,0.0,4.0,0.0,6.0,0.0,0.0,1.0,14.0,3.0,0,0.0,17.0,30.0,63.82978723404256,C
4569,Jim McMahon,Labour (Co-op),2.0,0.0,8.0,3.0,0.0,0.0,0.0,1.0,14.0,3.0,0,0.0,17.0,30.0,63.82978723404256,C
5264,Jonathan Hinder,Labour,7.0,0.0,0.0,0.0,0.0,0.0,0.0,4.0,11.0,6.0,0,0.0,17.0,30.0,63.82978723404256,C
5295,Josh Fenton-Glynn,Labour,7.0,4.0,0.0,0.0,0.0,0.0,0.0,0.0,11.0,6.0,0,0.0,17.0,30.0,63.82978723404256,C
4493,Richard Burgon,Labour,4.0,0.0,0.0,0.0,0.0,4.0,0.0,6.0,14.0,3.0,0,0.0,17.0,30.0,63.82978723404256,C
4942,Richard Foord,Liberal Democrat,6.0,0.0,4.0,3.0,0.0,0.0,0.0,1.0,14.0,3.0,0,0.0,17.0,30.0,63.82978723404256,C
4572,Chris Elmore,Labour,7.0,0.0,0.0,0.0,0.0,0.0,0.0,7.25,14.25,3.0,0,0.0,17.25,30.0,63.49206349206349,C
5196,Brian Leishman,Labour,4.0,4.5,0.0,0.0,0.0,0.0,0.0,6.0,14.5,3.0,0,0.0,17.5,30.0,63.1578947368421,C
5043,Lillian Jones,Labour,2.0,8.5,0.0,0.0,0.0,0.0,0.0,1.0,11.5,6.0,0,0.0,17.5,30.0,63.1578947368421,C
5225,Lizzi Collinge,Labour,2.0,6.0,4.5,3.0,0.0,0.0,0.0,2.0,17.5,0.0,0,0.0,17.5,30.0,63.1578947368421,C
5190,Patricia Ferguson,Labour,4.0,4.5,0.0,6.0,0.0,0.0,0.0,0.0,14.5,3.0,0,0.0,17.5,30.0,63.1578947368421,C
5142,Abtisam Mohamed,Labour,2.0,0.0,6.0,3.0,0.0,4.0,0.0,0.0,15.0,3.0,0,0.0,18.0,30.0,62.5,C
5080,Alan Strickland,Labour,8.0,0.0,0.0,0.0,0.0,0.0,0.0,0.0,8.0,10.0,0,0.0,18.0,30.0,62.5,C
227,Andrew George,Liberal Democrat,4.0,6.0,0.0,3.0,0.0,0.0,0.0,5.0,18.0,0.0,0,0.0,18.0,30.0,62.5,C
5181,Becky Gittins,Labour,8.0,0.0,0.0,0.0,0.0,0.0,0.0,0.0,8.0,10.0,0,0.0,18.0,30.0,62.5,C
5110,Euan Stainbank,Labour,2.0,0.0,8.0,0.0,0.0,0.0,0.0,5.0,15.0,3.0,0,0.0,18.0,30.0,62.5,C
5011,Gen Kitchen,Labour,8.0,0.0,0.0,0.0,0.0,0.0,0.0,0.0,8.0,10.0,0,0.0,18.0,30.0,62.5,C
4501,Gerald Jones,Labour,6.0,0.0,4.0,0.0,0.0,0.0,2.0,3.0,15.0,3.0,0,0.0,18.0,30.0,62.5,C
4510,Helen Hayes,Labour,6.0,0.0,2.0,6.0,0.0,0.0,0.0,1.0,15.0,3.0,0,0.0,18.0,30.0,62.5,C
5121,Henry Tufnell,Labour,8.0,0.0,0.0,0.0,3.0,0.0,0.0,4.0,15.0,3.0,0,0.0,18.0,30.0,62.5,C
4394,Imran Hussain,Labour,6.0,0.0,0.0,6.0,0.0,0.0,2.0,1.0,15.0,3.0,0,0.0,18.0,30.0,62.5,C
4519,James Cartlidge,Conservative,8.0,0.0,0.0,0.0,0.0,0.0,0.0,0.0,8.0,10.0,0,0.0,18.0,30.0,62.5,C
5056,Jen Craft,Labour,6.0,0.0,0.0,0.0,0.0,4.0,5.0,0.0,15.0,3.0,0,0.0,18.0,30.0,62.5,C
5036,Jodie Gosling,Labour,7.0,4.0,0.0,0.0,0.0,0.0,0.0,7.0,18.0,0.0,0,0.0,18.0,30.0,62.5,C
5332,Lincoln Jopp,Conservative,0.0,0.0,6.0,3.0,6.0,0.0,0.0,0.0,15.0,3.0,0,0.0,18.0,30.0,62.5,C
5040,Liz Jarvis,Liberal Democrat,4.0,5.0,6.0,0.0,0.0,0.0,0.0,0.0,15.0,3.0,0,0.0,18.0,30.0,62.5,C
5217,Lloyd Hatton,Labour,2.0,8.0,0.0,0.0,0.0,0.0,0.0,0.0,10.0,8.0,0,0.0,18.0,30.0,62.5,C
5153,Mr Cathal Mallaghan,Sinn Féin,0.0,0.0,0.0,3.0,8.0,4.0,0.0,0.0,15.0,3.0,0,0.0,18.0,30.0,62.5,C
5359,Neil Duncan-Jordan,Labour,8.0,4.0,3.0,0.0,0.0,0.0,0.0,0.0,15.0,3.0,0,0.0,18.0,30.0,62.5,C
5143,Catherine Atkinson,Labour,6.0,0.0,0.0,0.0,6.25,0.0,0.0,6.25,18.5,0.0,0,0.0,18.5,30.0,61.855670103092784,C
4870,Florence Eshalomi,Labour (Co-op),2.0,0.0,0.0,9.0,4.5,0.0,0.0,0.0,15.5,3.0,0,0.0,18.5,30.0,61.855670103092784,C
4030,Karl Turner,Independent,5.0,4.0,0.0,0.0,0.0,0.0,0.0,6.75,15.75,3.0,0,0.0,18.75,30.0,61.53846153846154,C
5234,Laurence Turner,Labour,8.0,6.5,0.0,0.0,0.0,0.0,0.0,1.25,15.75,3.0,0,0.0,18.75,30.0,61.53846153846154,C
5057,Douglas McAllister,Labour,3.0,4.0,0.0,0.0,0.0,0.0,0.0,9.0,16.0,3.0,0,0.0,19.0,30.0,61.224489795918366,C
1510,Ed Miliband,Labour,9.0,0.0,0.0,3.0,0.0,0.0,0.0,4.0,16.0,3.0,0,0.0,19.0,30.0,61.224489795918366,C
177,Gareth Thomas,Labour (Co-op),9.0,0.0,4.0,0.0,3.0,0.0,0.0,0.0,16.0,3.0,0,0.0,19.0,30.0,61.224489795918366,C
5189,Gordon McKee,Labour,9.0,0.0,4.0,3.0,0.0,0.0,0.0,0.0,16.0,3.0,0,0.0,19.0,30.0,61.224489795918366,C
1548,Jessica Morden,Labour,4.0,0.0,8.0,0.0,0.0,0.0,0.0,4.0,16.0,3.0,0,0.0,19.0,30.0,61.224489795918366,C
5063,Johanna Baxter,Labour,9.0,0.0,0.0,0.0,0.0,0.0,4.0,0.0,13.0,6.0,0,0.0,19.0,30.0,61.224489795918366,C
4384,Mike Wood,Conservative,9.0,0.0,4.0,0.0,0.0,0.0,0.0,0.0,13.0,6.0,0,0.0,19.0,30.0,61.224489795918366,C
4245,Paul Maskey,Sinn Féin,0.0,0.0,0.0,9.0,0.0,0.0,0.0,0.0,9.0,10.0,0,0.0,19.0,30.0,61.224489795918366,C
5342,John Whitby,Labour,0.0,9.0,0.0,0.0,0.0,0.0,0.0,2.25,11.25,8.0,0,0.0,19.25,30.0,60.91370558375635,C
5195,Andrew Cooper,Labour,5.0,8.5,0.0,0.0,0.0,0.0,0.0,0.0,13.5,6.0,0,0.0,19.5,30.0,60.60606060606061,C
5273,Connor Naismith,Labour,2.0,8.5,0.0,3.0,0.0,0.0,0.0,0.0,13.5,6.0,0,0.0,19.5,30.0,60.60606060606061,C
4139,Ian Lavery,Labour,9.75,0.0,0.0,0.0,0.0,0.0,2.0,0.0,11.75,8.0,0,0.0,19.75,30.0,60.30150753768845,C
5238,Alex Ballinger,Labour,9.0,0.0,0.0,3.0,0.0,0.0,0.0,5.0,17.0,3.0,0,0.0,20.0,30.0,60.00000000000001,C
4759,Joy Morrissey,Conservative,10.0,0.0,0.0,0.0,0.0,0.0,0.0,0.0,10.0,10.0,0,0.0,20.0,30.0,60.00000000000001,C
5290,Leigh Ingham,Labour,8.0,0.0,0.0,6.75,0.0,0.0,0.0,2.25,17.0,3.0,0,0.0,20.0,30.0,60.00000000000001,C
5248,Luke Murphy,Labour,9.0,0.0,0.0,0.0,0.0,0.0,0.0,1.0,10.0,10.0,0,0.0,20.0,30.0,60.00000000000001,C
5049,Michelle Scrogham,Labour,7.0,2.0,0.0,0.0,3.0,4.0,0.0,1.0,17.0,3.0,0,0.0,20.0,30.0,60.00000000000001,C
4803,Paul Holmes,Conservative,3.0,4.0,4.0,6.0,0.0,0.0,0.0,3.0,20.0,0.0,0,0.0,20.0,30.0,60.00000000000001,C
4603,Preet Kaur Gill,Labour (Co-op),3.0,0.0,8.0,0.0,0.0,0.0,0.0,6.0,17.0,3.0,0,0.0,20.0,30.0,60.00000000000001,C
5403,Sarah Pochin,Reform UK,7.0,0.0,0.0,0.0,6.0,4.0,0.0,3.0,20.0,0.0,0,0.0,20.0,30.0,60.00000000000001,C
5280,Seamus Logan,Scottish National Party,2.0,4.5,5.0,6.75,0.0,0.0,0.0,1.75,20.0,0.0,0,0.0,20.0,30.0,60.00000000000001,C
5171,Julia Buckley,Labour,6.0,0.0,0.0,0.0,3.0,0.0,0.0,8.25,17.25,3.0,0,0.0,20.25,30.0,59.70149253731344,C-
4515,Kate Osamor,Labour (Co-op),4.0,0.0,0.0,3.75,0.0,0.0,2.5,7.0,17.25,3.0,0,0.0,20.25,30.0,59.70149253731344,C-
5319,Robin Swann,Ulster Unionist Party,8.75,0.0,0.0,0.0,0.0,0.0,0.0,8.5,17.25,3.0,0,0.0,20.25,30.0,59.70149253731344,C-
5329,John Milne,Liberal Democrat,4.0,10.5,0.0,0.0,0.0,0.0,0.0,0.0,14.5,6.0,0,0.0,20.5,30.0,59.40594059405941,C-
5034,Josh Newbury,Labour,10.0,2.0,0.0,0.0,0.0,0.0,0.0,5.5,17.5,3.0,0,0.0,20.5,30.0,59.40594059405941,C-
5124,Markus Campbell-Savours,Labour,5.0,0.0,0.0,3.0,0.0,0.0,0.0,9.5,17.5,3.0,0,0.0,20.5,30.0,59.40594059405941,C-
5042,Pam Cox,Labour,4.0,8.0,4.0,0.0,3.0,0.0,0.0,1.5,20.5,0.0,0,0.0,20.5,30.0,59.40594059405941,C-
5157,Susan Murray,Liberal Democrat,9.0,5.5,0.0,0.0,0.0,0.0,0.0,0.0,14.5,6.0,0,0.0,20.5,30.0,59.40594059405941,C-
5212,Dr Scott Arthur,Labour,0.0,8.0,4.0,3.75,0.0,0.0,0.0,5.0,20.75,0.0,0,0.0,20.75,30.0,59.11330049261084,C-
5179,Kirsteen Sullivan,Labour (Co-op),2.0,4.5,0.0,0.0,3.0,4.0,0.0,7.25,20.75,0.0,0,0.0,20.75,30.0,59.11330049261084,C-
5183,Frank McNally,Labour,9.0,9.0,0.0,0.0,0.0,0.0,0.0,0.0,18.0,3.0,0,0.0,21.0,30.0,58.82352941176471,C-
5315,Lee Barron,Labour,11.0,4.0,0.0,0.0,0.0,0.0,0.0,0.0,15.0,6.0,0,0.0,21.0,30.0,58.82352941176471,C-
87,Sir Roger Gale,Conservative,0.0,0.0,0.0,9.0,3.0,0.0,2.0,1.0,15.0,6.0,0,0.0,21.0,30.0,58.82352941176471,C-
5087,Tom Collins,Labour,11.0,4.0,0.0,0.0,0.0,0.0,0.0,0.0,15.0,6.0,0,0.0,21.0,30.0,58.82352941176471,C-
5051,Kevin Bonavia,Labour,8.0,0.0,4.0,3.0,0.0,0.0,0.0,6.25,21.25,0.0,0,0.0,21.25,30.0,58.53658536585365,C-
4618,Liz Twist,Labour,10.0,0.0,0.0,0.0,3.0,0.0,0.0,2.25,15.25,6.0,0,0.0,21.25,30.0,58.53658536585365,C-
5141,Alex Mayer,Labour,0.0,0.0,9.0,0.0,3.0,0.0,0.0,6.75,18.75,3.0,0,0.0,21.75,30.0,57.97101449275362,C-
5044,Adam Thompson,Labour,7.0,4.0,0.0,0.0,0.0,0.0,0.0,8.0,19.0,3.0,0,0.0,22.0,30.0,57.69230769230769,C-
4636,Chris Hazzard,Sinn Féin,0.0,0.0,0.0,12.0,0.0,0.0,0.0,0.0,12.0,10.0,0,0.0,22.0,30.0,57.69230769230769,C-
5106,David Burton-Sampson,Labour,2.0,4.0,5.0,0.0,0.0,8.0,0.0,3.0,22.0,0.0,0,0.0,22.0,30.0,57.69230769230769,C-
5305,Georgia Gould,Labour,6.0,8.0,0.0,0.0,0.0,0.0,4.0,4.0,22.0,0.0,0,0.0,22.0,30.0,57.69230769230769,C-
4598,Mohammad Yasin,Labour,2.0,0.0,8.0,9.0,0.0,0.0,0.0,0.0,19.0,3.0,0,0.0,22.0,30.0,57.69230769230769,C-
5165,Peter Swallow,Labour,2.0,4.0,0.0,3.0,0.0,0.0,5.0,8.0,22.0,0.0,0,0.0,22.0,30.0,57.69230769230769,C-
5144,Richard Quigley,Labour,0.0,2.0,4.0,3.0,6.0,0.0,0.0,7.0,22.0,0.0,0,0.0,22.0,30.0,57.69230769230769,C-
5328,Sean Woodcock,Labour,2.0,8.0,0.0,6.0,0.0,0.0,0.0,3.0,19.0,3.0,0,0.0,22.0,30.0,57.69230769230769,C-
5220,Tristan Osborne,Labour,5.0,8.0,0.0,3.0,3.0,0.0,0.0,0.0,19.0,3.0,0,0.0,22.0,30.0,57.69230769230769,C-
5214,Brian Mathew,Liberal Democrat,7.0,4.0,6.0,3.0,0.0,0.0,0.0,2.25,22.25,0.0,0,0.0,22.25,30.0,57.41626794258373,C-
5297,Rebecca Paul,Conservative,2.0,4.5,8.0,6.75,0.0,0.0,0.0,1.0,22.25,0.0,0,0.0,22.25,30.0,57.41626794258373,C-
4601,Andrew Bowie,Conservative,2.0,0.0,8.0,9.0,0.0,0.0,0.0,4.0,23.0,0.0,0,0.0,23.0,30.0,56.60377358490566,C-
4632,Anna McMorrin,Labour,5.0,0.0,8.0,3.0,0.0,4.0,0.0,0.0,20.0,3.0,0,0.0,23.0,30.0,56.60377358490566,C-
5276,Chris Ward,Labour,6.0,10.0,4.0,0.0,0.0,0.0,0.0,0.0,20.0,3.0,0,0.0,23.0,30.0,56.60377358490566,C-
165,Clive Efford,Labour,2.0,0.0,12.0,0.0,0.0,0.0,0.0,3.0,17.0,6.0,0,0.0,23.0,30.0,56.60377358490566,C-
5092,David Baines,Labour,0.0,0.0,13.0,0.0,0.0,0.0,0.0,0.0,13.0,10.0,0,0.0,23.0,30.0,56.60377358490566,C-
5311,Harriet Cross,Conservative,8.0,8.0,4.0,0.0,0.0,0.0,0.0,0.0,20.0,3.0,0,0.0,23.0,30.0,56.60377358490566,C-
4612,Jamie Stone,Liberal Democrat,0.0,0.0,0.0,9.0,3.0,4.0,0.0,4.0,20.0,3.0,0,0.0,23.0,30.0,56.60377358490566,C-
5317,Paul Davies,Labour,6.0,0.0,0.0,0.0,0.0,0.0,0.0,11.0,17.0,6.0,0,0.0,23.0,30.0,56.60377358490566,C-
5001,Sarah Edwards,Labour,11.0,0.0,5.0,0.0,0.0,0.0,0.0,4.0,20.0,3.0,0,0.0,23.0,30.0,56.60377358490566,C-
5292,Dáire Hughes,Sinn Féin,0.0,0.0,0.0,12.0,0.0,0.0,0.0,1.25,13.25,10.0,0,0.0,23.25,30.0,56.33802816901409,C-
5029,Emma Foody,Labour (Co-op),11.0,4.0,0.0,0.0,0.0,0.0,0.0,5.25,20.25,3.0,0,0.0,23.25,30.0,56.33802816901409,C-
5224,Kate Dearden,Labour (Co-op),6.0,4.0,6.0,0.0,0.0,0.0,0.0,7.25,23.25,0.0,0,0.0,23.25,30.0,56.33802816901409,C-
4742,Stuart Anderson,Conservative,11.0,0.0,8.0,0.0,0.0,0.0,0.0,1.25,20.25,3.0,0,0.0,23.25,30.0,56.33802816901409,C-
5218,David Smith,Labour,2.0,0.0,0.0,0.0,7.5,0.0,0.0,11.0,20.5,3.0,0,0.0,23.5,30.0,56.07476635514019,C-
5235,Al Carns,Labour,11.0,0.0,0.0,3.0,3.75,0.0,0.0,0.0,17.75,6.0,0,0.0,23.75,30.0,55.8139534883721,C-
5281,Anna Dixon,Labour,6.0,4.0,0.0,3.0,5.0,0.0,0.0,5.75,23.75,0.0,0,0.0,23.75,30.0,55.8139534883721,C-
5048,Antonia Bance,Labour,9.0,6.0,2.0,0.0,0.0,0.0,0.0,6.75,23.75,0.0,0,0.0,23.75,30.0,55.8139534883721,C-
5351,Gregory Stafford,Conservative,6.0,4.0,6.5,0.0,0.0,0.0,0.0,7.25,23.75,0.0,0,0.0,23.75,30.0,55.8139534883721,C-
5318,Olly Glover,Liberal Democrat,4.0,8.5,2.0,6.75,0.0,0.0,0.0,2.5,23.75,0.0,0,0.0,23.75,30.0,55.8139534883721,C-
5089,Ben Obese-Jecty,Conservative,0.0,0.0,11.0,6.0,0.0,0.0,0.0,4.0,21.0,3.0,0,0.0,24.0,30.0,55.55555555555556,C-
4523,Catherine West,Labour,2.0,4.0,2.0,9.0,3.0,0.0,0.0,4.0,24.0,0.0,0,0.0,24.0,30.0,55.55555555555556,C-
4038,Heidi Alexander,Labour,10.0,0.0,8.0,0.0,3.0,0.0,0.0,0.0,21.0,3.0,0,0.0,24.0,30.0,55.55555555555556,C-
4787,James Wild,Conservative,4.0,0.0,12.0,3.0,0.0,0.0,0.0,2.0,21.0,3.0,0,0.0,24.0,30.0,55.55555555555556,C-
5358,John Cooper,Conservative,12.0,0.0,0.0,9.0,0.0,0.0,0.0,0.0,21.0,3.0,0,0.0,24.0,30.0,55.55555555555556,C-
5107,Linsey Farnsworth,Labour,11.0,0.0,4.0,0.0,0.0,0.0,0.0,3.0,18.0,6.0,0,0.0,24.0,30.0,55.55555555555556,C-
4998,Michael Shanks,Labour,7.0,4.0,0.0,0.0,0.0,0.0,0.0,10.0,21.0,3.0,0,0.0,24.0,30.0,55.55555555555556,C-
394,Mr Clive Betts,Labour,0.0,0.0,12.0,0.0,0.0,0.0,2.0,4.0,18.0,6.0,0,0.0,24.0,30.0,55.55555555555556,C-
4631,Sarah Jones,Labour,10.0,0.0,0.0,6.0,0.0,0.0,5.0,0.0,21.0,3.0,0,0.0,24.0,30.0,55.55555555555556,C-
5210,Tom Hayes,Labour,12.0,4.0,0.0,0.0,0.0,0.0,0.0,0.0,16.0,8.0,0,0.0,24.0,30.0,55.55555555555556,C-
5237,Chris Vince,Labour (Co-op),7.0,0.0,4.0,0.0,0.0,0.0,0.0,10.25,21.25,3.0,0,0.0,24.25,30.0,55.29953917050691,C-
400,John Healey,Labour,12.0,0.0,0.0,0.0,3.75,0.0,2.0,3.5,21.25,3.0,0,0.0,24.25,30.0,55.29953917050691,C-
4513,Mims Davies,Conservative,5.0,0.0,9.0,0.0,6.75,0.0,0.0,3.75,24.5,0.0,0,0.0,24.5,30.0,55.04587155963303,C-
5099,Miatta Fahnbulleh,Labour (Co-op),12.0,0.0,0.0,0.0,0.0,0.0,0.0,6.75,18.75,6.0,0,0.0,24.75,30.0,54.7945205479452,D+
5252,Rachel Gilmour,Liberal Democrat,2.0,5.0,2.0,9.0,3.0,0.0,0.0,3.75,24.75,0.0,0,0.0,24.75,30.0,54.7945205479452,D+
5000,Alistair Strathern,Labour,14.0,0.0,0.0,3.0,0.0,0.0,0.0,2.0,19.0,6.0,0,0.0,25.0,30.0,54.54545454545454,D+
1541,Dame Nia Griffith,Labour,2.0,0.0,4.0,9.0,3.0,0.0,4.0,0.0,22.0,3.0,0,0.0,25.0,30.0,54.54545454545454,D+
5172,Dan Aldridge,Labour,5.0,10.0,0.0,3.0,0.0,0.0,0.0,4.0,22.0,3.0,0,0.0,25.0,30.0,54.54545454545454,D+
4425,Jo Stevens,Labour,6.0,0.0,12.0,0.0,0.0,0.0,0.0,1.0,19.0,6.0,0,0.0,25.0,30.0,54.54545454545454,D+
5232,Lorraine Beavers,Labour,7.0,9.0,0.0,0.0,0.0,0.0,0.0,6.0,22.0,3.0,0,0.0,25.0,30.0,54.54545454545454,D+
5180,Nesil Caliskan,Labour,2.0,12.0,0.0,0.0,5.0,0.0,0.0,0.0,19.0,6.0,0,0.0,25.0,30.0,54.54545454545454,D+
4389,Ruth Cadbury,Labour,0.0,0.0,12.0,3.0,3.0,0.0,4.0,0.0,22.0,3.0,0,0.0,25.0,30.0,54.54545454545454,D+
1383,Sir Mark Tami,Labour,2.0,6.0,9.0,0.0,0.0,0.0,8.0,0.0,25.0,0.0,0,0.0,25.0,30.0,54.54545454545454,D+
4056,Sir Nicholas Dakin,Labour,11.0,0.0,0.0,0.0,3.0,0.0,0.0,8.0,22.0,3.0,0,0.0,25.0,30.0,54.54545454545454,D+
4735,Stephen Flynn,Scottish National Party,2.0,0.0,11.0,6.0,3.0,0.0,0.0,0.0,22.0,3.0,0,0.0,25.0,30.0,54.54545454545454,D+
5338,Terry Jermy,Labour,0.0,4.5,0.0,0.0,3.0,8.0,0.0,9.5,25.0,0.0,0,0.0,25.0,30.0,54.54545454545454,D+
4620,Ellie Reeves,Labour,0.0,0.0,14.0,0.0,0.0,0.0,0.0,1.5,15.5,10.0,0,0.0,25.5,30.0,54.05405405405405,D+
5159,Mr Connor Rand,Labour,9.0,6.0,4.5,0.0,0.0,0.0,0.0,3.0,22.5,3.0,0,0.0,25.5,30.0,54.05405405405405,D+
4602,Wera Hobhouse,Liberal Democrat,0.0,0.0,0.0,6.0,3.0,4.0,0.0,9.5,22.5,3.0,0,0.0,25.5,30.0,54.05405405405405,D+
5184,Daniel Francis,Labour,0.0,0.0,0.0,0.0,0.0,5.0,5.0,12.75,22.75,3.0,0,0.0,25.75,30.0,53.81165919282511,D+
4673,Jo Platt,Labour (Co-op),3.0,4.0,8.0,3.0,0.0,0.0,0.0,7.75,25.75,0.0,0,0.0,25.75,30.0,53.81165919282511,D+
5300,Kevin McKenna,Labour,9.75,10.0,0.0,6.0,0.0,0.0,0.0,0.0,25.75,0.0,0,0.0,25.75,30.0,53.81165919282511,D+
4083,Alison McGovern,Labour,2.0,0.0,16.0,0.0,0.0,0.0,0.0,0.0,18.0,8.0,0,0.0,26.0,30.0,53.57142857142857,D+
4269,Andy McDonald,Labour,10.0,0.0,12.0,0.0,0.0,0.0,0.0,1.0,23.0,3.0,0,0.0,26.0,30.0,53.57142857142857,D+
5353,Anna Gelderd,Labour,2.0,6.0,0.0,12.0,0.0,0.0,0.0,0.0,20.0,6.0,0,0.0,26.0,30.0,53.57142857142857,D+
4790,Apsana Begum,Labour,10.0,0.0,0.0,9.0,0.0,4.0,0.0,3.0,26.0,0.0,0,0.0,26.0,30.0,53.57142857142857,D+
4131,Jim Shannon,Democratic Unionist Party,0.0,0.0,0.0,12.0,8.0,0.0,0.0,0.0,20.0,6.0,0,0.0,26.0,30.0,53.57142857142857,D+
1491,Kerry McCarthy,Labour,2.0,0.0,12.0,9.0,0.0,0.0,0.0,0.0,23.0,3.0,0,0.0,26.0,30.0,53.57142857142857,D+
5258,Louise Sandher-Jones,Labour,10.0,4.0,0.0,0.0,5.25,0.0,0.0,3.75,23.0,3.0,0,0.0,26.0,30.0,53.57142857142857,D+
4828,Paula Barker,Labour,7.0,0.0,13.0,3.0,0.0,0.0,0.0,0.0,23.0,3.0,0,0.0,26.0,30.0,53.57142857142857,D+
473,Sir Mark Hendrick,Labour (Co-op),4.0,0.0,10.0,9.0,0.0,0.0,0.0,0.0,23.0,3.0,0,0.0,26.0,30.0,53.57142857142857,D+
5152,Sureena Brackenridge,Labour,11.0,0.0,8.0,3.0,0.0,0.0,0.0,1.25,23.25,3.0,0,0.0,26.25,30.0,53.333333333333336,D+
5109,Chris Bloore,Labour,10.0,8.5,0.0,0.0,0.0,5.0,0.0,0.0,23.5,3.0,0,0.0,26.5,30.0,53.09734513274336,D+
4277,Emma Lewell,Labour,0.0,0.0,9.0,3.0,0.0,0.0,0.0,11.5,23.5,3.0,0,0.0,26.5,30.0,53.09734513274336,D+
4831,Ian Byrne,Labour,14.5,0.0,4.0,0.0,0.0,0.0,0.0,2.0,20.5,6.0,0,0.0,26.5,30.0,53.09734513274336,D+
4777,Sarah Owen,Labour,2.0,0.0,14.0,0.0,0.0,0.0,0.0,2.5,18.5,8.0,0,0.0,26.5,30.0,53.09734513274336,D+
3997,Sir Alec Shelbrooke,Conservative,3.0,6.0,12.0,0.0,0.0,0.0,2.5,0.0,23.5,3.0,0,0.0,26.5,30.0,53.09734513274336,D+
5274,Sonia Kumar,Labour,12.5,2.0,0.0,3.0,3.0,0.0,0.0,0.0,20.5,6.0,0,0.0,26.5,30.0,53.09734513274336,D+
5259,Dr Jeevun Sandher,Labour,13.0,0.0,0.0,0.0,6.75,4.0,0.0,0.0,23.75,3.0,0,0.0,26.75,30.0,52.863436123348016,D+
5200,Kenneth Stevenson,Labour,3.0,7.0,4.0,0.0,9.75,0.0,0.0,0.0,23.75,3.0,0,0.0,26.75,30.0,52.863436123348016,D+
5339,Danny Beales,Labour,11.0,4.0,6.0,3.0,0.0,0.0,0.0,0.0,24.0,3.0,0,0.0,27.0,30.0,52.631578947368425,D+
3973,Grahame Morris,Labour,8.0,0.0,13.0,0.0,0.0,0.0,0.0,3.0,24.0,3.0,0,0.0,27.0,30.0,52.631578947368425,D+
5079,Joani Reid,Labour,7.0,0.0,0.0,0.0,3.0,8.0,4.0,5.0,27.0,0.0,0,0.0,27.0,30.0,52.631578947368425,D+
5081,Joe Morris,Labour,15.0,0.0,4.0,0.0,0.0,0.0,0.0,0.0,19.0,8.0,0,0.0,27.0,30.0,52.631578947368425,D+
5054,Mr Calvin Bailey,Labour,2.0,0.0,16.0,0.0,0.0,0.0,0.0,1.25,19.25,8.0,0,0.0,27.25,30.0,52.40174672489084,D+
5128,Phil Brickell,Labour,4.0,10.0,2.0,6.0,0.0,0.0,0.0,2.25,24.25,3.0,0,0.0,27.25,30.0,52.40174672489084,D+
5253,Richard Baker,Labour,4.0,4.5,0.0,9.0,9.75,0.0,0.0,0.0,27.25,0.0,0,0.0,27.25,30.0,52.40174672489084,D+
5344,Ben Coleman,Labour,12.0,6.5,0.0,3.0,0.0,0.0,0.0,3.0,24.5,3.0,0,0.0,27.5,30.0,52.173913043478265,D+
4495,Kit Malthouse,Conservative,5.0,4.0,0.0,6.75,0.0,8.0,0.0,4.0,27.75,0.0,0,0.0,27.75,30.0,51.94805194805195,D+
5288,Dr Al Pinkerton,Liberal Democrat,6.0,7.0,0.0,12.0,0.0,0.0,0.0,0.0,25.0,3.0,0,0.0,28.0,30.0,51.72413793103448,D+
5139,Emily Darlington,Labour,8.0,4.0,10.0,0.0,3.0,0.0,0.0,0.0,25.0,3.0,0,0.0,28.0,30.0,51.72413793103448,D+
1536,Emily Thornberry,Labour,0.0,14.0,4.0,3.0,3.0,0.0,0.0,1.0,25.0,3.0,0,0.0,28.0,30.0,51.72413793103448,D+
4645,Emma Hardy,Labour,17.0,0.0,0.0,3.0,0.0,0.0,0.0,0.0,20.0,8.0,0,0.0,28.0,30.0,51.72413793103448,D+
4595,Gareth Snell,Labour (Co-op),12.0,4.0,0.0,0.0,0.0,5.0,0.0,4.0,25.0,3.0,0,0.0,28.0,30.0,51.72413793103448,D+
5255,Joe Robertson,Conservative,4.5,13.5,4.0,0.0,0.0,0.0,0.0,0.0,22.0,6.0,0,0.0,28.0,30.0,51.72413793103448,D+
4823,John Finucane,Sinn Féin,0.0,4.0,2.0,12.0,3.0,4.0,0.0,0.0,25.0,3.0,0,0.0,28.0,30.0,51.72413793103448,D+
5170,John Grady,Labour,3.0,14.0,4.0,3.0,0.0,0.0,0.0,1.0,25.0,3.0,0,0.0,28.0,30.0,51.72413793103448,D+
178,John McDonnell,Labour,18.0,0.0,0.0,0.0,0.0,0.0,0.0,0.0,18.0,10.0,0,0.0,28.0,30.0,51.72413793103448,D+
5052,Patrick Hurley,Labour,14.0,0.0,8.0,0.0,0.0,0.0,0.0,0.0,22.0,6.0,0,0.0,28.0,30.0,51.72413793103448,D+
5324,Sarah Russell,Labour,2.0,16.0,0.0,0.0,0.0,0.0,0.0,2.0,20.0,8.0,0,0.0,28.0,30.0,51.72413793103448,D+
4943,Simon Lightwood,Labour (Co-op),15.0,4.0,0.0,0.0,0.0,0.0,0.0,1.0,20.0,8.0,0,0.0,28.0,30.0,51.72413793103448,D+
242,Sir Christopher Chope,Conservative,0.0,8.0,0.0,0.0,0.0,4.0,2.0,11.0,25.0,3.0,0,0.0,28.0,30.0,51.72413793103448,D+
5134,Andy MacNae,Labour,5.0,11.5,0.0,0.0,3.75,4.0,0.0,1.0,25.25,3.0,0,0.0,28.25,30.0,51.502145922746784,D+
4592,Dr Caroline Johnson,Conservative,0.0,13.5,6.0,3.0,3.0,0.0,0.0,0.0,25.5,3.0,0,0.0,28.5,30.0,51.282051282051285,D+
5031,Mark Ferguson,Labour,14.0,4.0,0.0,0.0,0.0,0.0,0.0,4.5,22.5,6.0,0,0.0,28.5,30.0,51.282051282051285,D+
5175,Mr Alex Barros-Curtis,Labour,0.0,4.0,0.0,0.0,3.0,0.0,0.0,15.75,22.75,6.0,0,0.0,28.75,30.0,51.06382978723404,D+
5173,Alex Baker,Labour,16.0,0.0,4.0,0.0,0.0,0.0,0.0,3.0,23.0,6.0,0,0.0,29.0,30.0,50.84745762711864,D+
4436,Cat Smith,Labour,15.0,0.0,5.0,6.0,0.0,0.0,0.0,0.0,26.0,3.0,0,0.0,29.0,30.0,50.84745762711864,D+
5270,Darren Paffey,Labour,15.0,4.0,4.0,0.0,0.0,0.0,0.0,0.0,23.0,6.0,0,0.0,29.0,30.0,50.84745762711864,D+
4820,Ms Abena Oppong-Asare,Labour,5.0,0.0,16.0,0.0,0.0,0.0,0.0,2.0,23.0,6.0,0,0.0,29.0,30.0,50.84745762711864,D+
4396,Rebecca Long Bailey,Labour,19.0,0.0,0.0,0.0,0.0,0.0,0.0,0.0,19.0,10.0,0,0.0,29.0,30.0,50.84745762711864,D+
163,Sir Stephen Timms,Labour,8.0,0.0,4.0,3.0,0.0,0.0,0.0,11.0,26.0,3.0,0,0.0,29.0,30.0,50.84745762711864,D+
4077,Emma Reynolds,Labour,10.0,4.0,11.5,0.0,0.0,0.0,0.0,1.25,26.75,3.0,0,0.0,29.75,30.0,50.2092050209205,D+
5279,Jayne Kirkham,Labour (Co-op),16.0,4.0,0.0,0.0,0.0,0.0,0.0,3.75,23.75,6.0,0,0.0,29.75,30.0,50.2092050209205,D+
3948,Rebecca Harris,Conservative,14.75,0.0,0.0,3.0,3.0,0.0,0.0,6.0,26.75,3.0,0,0.0,29.75,30.0,50.2092050209205,D+
5236,Jade Botterill,Labour,13.0,10.0,4.0,0.0,0.0,0.0,0.0,0.0,27.0,3.0,0,0.0,30.0,30.0,50.0,D+
4676,Marsha De Cordova,Labour,12.0,6.0,0.0,9.0,0.0,0.0,0.0,0.0,27.0,3.0,0,0.0,30.0,30.0,50.0,D+
5130,Matt Turmaine,Labour,17.0,4.0,0.0,0.0,0.0,0.0,0.0,1.0,22.0,8.0,0,0.0,30.0,30.0,50.0,D+
5150,Samantha Niblett,Labour,15.0,0.0,9.0,0.0,0.0,0.0,0.0,3.0,27.0,3.0,0,0.0,30.0,30.0,50.0,D+
4591,Sarah Olney,Liberal Democrat,16.0,0.0,8.0,0.0,0.0,0.0,0.0,0.0,24.0,6.0,0,0.0,30.0,30.0,50.0,D+
5268,Iqbal Mohamed,Independent,12.0,0.0,0.0,3.0,0.0,4.0,0.0,11.25,30.25,0.0,0,0.0,30.25,30.0,49.79253112033195,D
5068,Shivani Raja,Conservative,6.0,0.0,4.0,11.75,6.0,0.0,0.0,2.5,30.25,0.0,0,0.0,30.25,30.0,49.79253112033195,D
5263,Alex Brewer,Liberal Democrat,20.5,0.0,0.0,0.0,0.0,0.0,0.0,0.0,20.5,10.0,0,0.0,30.5,30.0,49.58677685950413,D
5140,Claire Young,Liberal Democrat,14.5,4.0,8.0,0.0,0.0,0.0,0.0,1.25,27.75,3.0,0,0.0,30.75,30.0,49.38271604938272,D
415,Fabian Hamilton,Labour,0.0,0.0,0.0,20.75,0.0,0.0,0.0,0.0,20.75,10.0,0,0.0,30.75,30.0,49.38271604938272,D
5095,Kirith Entwistle,Labour,14.75,10.0,0.0,3.0,0.0,0.0,0.0,0.0,27.75,3.0,0,0.0,30.75,30.0,49.38271604938272,D
5088,Sarah Coombes,Labour,12.0,0.0,9.0,6.0,3.75,0.0,0.0,0.0,30.75,0.0,0,0.0,30.75,30.0,49.38271604938272,D
5350,Ben Maguire,Liberal Democrat,8.0,10.0,6.0,0.0,3.0,4.0,0.0,0.0,31.0,0.0,0,0.0,31.0,30.0,49.18032786885246,D
5075,Deirdre Costigan,Labour,9.0,12.0,6.0,0.0,0.0,0.0,0.0,4.0,31.0,0.0,0,0.0,31.0,30.0,49.18032786885246,D
5098,Dr Marie Tidball,Labour,19.0,0.0,4.0,0.0,0.0,0.0,0.0,0.0,23.0,8.0,0,0.0,31.0,30.0,49.18032786885246,D
5096,Ian Sollom,Liberal Democrat,14.0,6.0,8.0,0.0,0.0,0.0,0.0,0.0,28.0,3.0,0,0.0,31.0,30.0,49.18032786885246,D
5312,Sadik Al-Hassan,Labour,2.0,4.0,12.0,0.0,6.0,0.0,0.0,4.0,28.0,3.0,0,0.0,31.0,30.0,49.18032786885246,D
4089,Tessa Munt,Liberal Democrat,14.0,4.0,0.0,0.0,3.0,0.0,0.0,7.0,28.0,3.0,0,0.0,31.0,30.0,49.18032786885246,D
5136,Imogen Walker,Labour,11.75,4.5,6.0,0.0,6.0,0.0,0.0,3.0,31.25,0.0,0,0.0,31.25,30.0,48.97959183673469,D
4464,Melanie Onn,Labour,15.0,0.0,0.0,3.0,0.0,0.0,0.0,10.25,28.25,3.0,0,0.0,31.25,30.0,48.97959183673469,D
5206,Elaine Stewart,Labour,0.0,14.5,4.0,3.0,0.0,0.0,0.0,7.0,28.5,3.0,0,0.0,31.5,30.0,48.78048780487805,D
4082,Lisa Nandy,Labour,16.5,0.0,2.0,9.0,0.0,0.0,0.0,1.0,28.5,3.0,0,0.0,31.5,30.0,48.78048780487805,D
5308,Sam Carling,Labour,0.0,4.5,18.0,0.0,0.0,0.0,0.0,1.0,23.5,8.0,0,0.0,31.5,30.0,48.78048780487805,D
5245,Chris Murray,Labour,18.0,0.0,2.0,3.0,0.0,0.0,0.0,1.0,24.0,8.0,0,0.0,32.0,30.0,48.38709677419355,D
5269,Dr Lauren Sullivan,Labour,11.0,8.0,2.0,3.0,0.0,0.0,0.0,8.0,32.0,0.0,0,0.0,32.0,30.0,48.38709677419355,D
5227,Jas Athwal,Labour,0.0,4.0,4.0,0.0,12.0,8.0,0.0,1.0,29.0,3.0,0,0.0,32.0,30.0,48.38709677419355,D
5309,Katrina Murray,Labour,10.0,4.0,8.0,6.75,0.0,0.0,0.0,3.25,32.0,0.0,0,0.0,32.0,30.0,48.38709677419355,D
1579,Mary Creagh,Labour,4.0,0.0,15.0,0.0,0.0,5.0,0.0,5.0,29.0,3.0,0,0.0,32.0,30.0,48.38709677419355,D
4607,Stephanie Peacock,Labour,2.0,0.0,20.0,0.0,0.0,0.0,0.0,2.0,24.0,8.0,0,0.0,32.0,30.0,48.38709677419355,D
5046,Andrew Ranger,Labour,5.0,12.0,0.0,0.0,0.0,0.0,0.0,12.5,29.5,3.0,0,0.0,32.5,30.0,48.00000000000001,D
5287,Tim Roca,Labour,13.5,4.0,0.0,9.0,0.0,0.0,0.0,3.0,29.5,3.0,0,0.0,32.5,30.0,48.00000000000001,D
5169,Charlie Dewhirst,Conservative,4.0,0.0,17.0,6.0,3.0,0.0,0.0,0.0,30.0,3.0,0,0.0,33.0,30.0,47.61904761904762,D
5025,Chris Webb,Labour,17.0,0.0,6.0,0.0,0.0,0.0,0.0,7.0,30.0,3.0,0,0.0,33.0,30.0,47.61904761904762,D
5233,Lee Pitcher,Labour,5.0,12.0,4.0,0.0,3.0,0.0,0.0,9.0,33.0,0.0,0,0.0,33.0,30.0,47.61904761904762,D
5123,Ms Polly Billington,Labour,17.0,0.0,4.0,6.0,0.0,0.0,0.0,3.0,30.0,3.0,0,0.0,33.0,30.0,47.61904761904762,D
4088,Ms Stella Creasy,Labour (Co-op),6.0,20.0,0.0,0.0,0.0,0.0,0.0,1.0,27.0,6.0,0,0.0,33.0,30.0,47.61904761904762,D
5331,Rosie Wrighting,Labour,10.0,0.0,12.0,6.0,0.0,0.0,4.0,1.0,33.0,0.0,0,0.0,33.0,30.0,47.61904761904762,D
5162,Matthew Patrick,Labour,15.0,4.5,8.0,3.0,0.0,0.0,0.0,0.0,30.5,3.0,0,0.0,33.5,30.0,47.24409448818898,D
4040,Chris Evans,Labour (Co-op),0.0,16.0,8.0,3.0,0.0,0.0,0.0,3.75,30.75,3.0,0,0.0,33.75,30.0,47.05882352941177,D
4858,Danny Kruger,Reform UK,0.0,0.0,4.0,6.75,11.0,0.0,0.0,12.0,33.75,0.0,0,0.0,33.75,30.0,47.05882352941177,D
4872,David Simmonds,Conservative,18.75,0.0,6.0,0.0,0.0,0.0,0.0,3.0,27.75,6.0,0,0.0,33.75,30.0,47.05882352941177,D
5135,Oliver Ryan,Labour (Co-op),22.0,0.0,0.0,3.75,0.0,0.0,0.0,0.0,25.75,8.0,0,0.0,33.75,30.0,47.05882352941177,D
4995,Sarah Dyke,Liberal Democrat,13.0,5.0,0.0,0.0,0.0,5.0,0.0,7.75,30.75,3.0,0,0.0,33.75,30.0,47.05882352941177,D
1171,Liam Byrne,Labour,2.0,14.0,0.0,15.0,0.0,0.0,0.0,0.0,31.0,3.0,0,0.0,34.0,30.0,46.875,D
5037,Lola McEvoy,Labour,17.75,4.0,4.0,0.0,0.0,0.0,0.0,2.25,28.0,6.0,0,0.0,34.0,30.0,46.875,D
5053,Natalie Fleet,Labour,15.0,4.0,12.0,0.0,0.0,0.0,0.0,0.0,31.0,3.0,0,0.0,34.0,30.0,46.875,D
5209,Peter Fortune,Conservative,8.0,0.0,12.0,6.0,0.0,4.0,0.0,4.0,34.0,0.0,0,0.0,34.0,30.0,46.875,D
5090,Tom Morrison,Liberal Democrat,19.0,5.0,0.0,0.0,0.0,0.0,0.0,4.0,28.0,6.0,0,0.0,34.0,30.0,46.875,D
4518,Tulip Siddiq,Labour,6.0,0.0,12.0,0.0,8.0,0.0,0.0,8.0,34.0,0.0,0,0.0,34.0,30.0,46.875,D
5345,Peter Lamb,Labour,7.0,18.0,2.0,0.0,0.0,0.0,0.0,1.25,28.25,6.0,0,0.0,34.25,30.0,46.692607003891055,D
4608,John Lamont,Conservative,18.0,0.0,4.0,3.75,0.0,0.0,0.0,6.0,31.75,3.0,0,0.0,34.75,30.0,46.33204633204633,D
5341,Laura Kyrke-Smith,Labour,13.75,4.0,0.0,9.0,0.0,0.0,0.0,5.0,31.75,3.0,0,0.0,34.75,30.0,46.33204633204633,D
1444,Mr Mark Francois,Conservative,12.0,4.0,0.0,15.75,0.0,0.0,0.0,0.0,31.75,3.0,0,0.0,34.75,30.0,46.33204633204633,D
5306,Claire Hazelgrove,Labour,18.0,0.0,4.0,0.0,0.0,0.0,0.0,7.0,29.0,6.0,0,0.0,35.0,30.0,46.15384615384615,D
5326,Edward Morello,Liberal Democrat,19.0,0.0,4.0,9.0,0.0,0.0,0.0,0.0,32.0,3.0,0,0.0,35.0,30.0,46.15384615384615,D
1442,Mr Alistair Carmichael,Liberal Democrat,6.0,12.0,4.0,0.0,5.0,4.0,0.0,4.0,35.0,0.0,0,0.0,35.0,30.0,46.15384615384615,D
5343,Mr Joshua Reynolds,Liberal Democrat,4.0,9.0,16.0,0.0,0.0,0.0,0.0,3.0,32.0,3.0,0,0.0,35.0,30.0,46.15384615384615,D
5303,Patrick Spencer,Conservative,10.0,2.0,0.0,0.0,6.0,8.0,0.0,9.0,35.0,0.0,0,0.0,35.0,30.0,46.15384615384615,D
5208,Perran Moon,Labour,13.0,0.0,12.0,0.0,3.0,4.0,0.0,0.0,32.0,3.0,0,0.0,35.0,30.0,46.15384615384615,D
4138,Rushanara Ali,Labour,0.0,0.0,0.0,18.0,6.0,0.0,0.0,8.0,32.0,3.0,0,0.0,35.0,30.0,46.15384615384615,D
4716,Ruth Jones,Labour,14.0,0.0,8.0,6.0,0.0,0.0,0.0,4.0,32.0,3.0,0,0.0,35.0,30.0,46.15384615384615,D
5278,Uma Kumaran,Labour,2.0,4.0,13.0,9.0,0.0,0.0,4.0,0.0,32.0,3.0,0,0.0,35.0,30.0,46.15384615384615,D
5348,David Taylor,Labour,17.75,0.0,4.0,6.75,0.0,0.0,0.0,1.0,29.5,6.0,0,0.0,35.5,30.0,45.801526717557245,D
5354,Cameron Thomas,Independent,6.0,0.0,17.0,9.75,0.0,0.0,0.0,0.0,32.75,3.0,0,0.0,35.75,30.0,45.62737642585552,D
5039,Kanishka Narayan,Labour,19.75,0.0,4.0,6.0,0.0,0.0,0.0,0.0,29.75,6.0,0,0.0,35.75,30.0,45.62737642585552,D
5266,Mike Tapp,Labour,11.0,4.0,4.0,9.75,0.0,4.0,0.0,3.0,35.75,0.0,0,0.0,35.75,30.0,45.62737642585552,D
5069,Torsten Bell,Labour,2.0,20.0,4.0,3.75,0.0,0.0,0.0,0.0,29.75,6.0,0,0.0,35.75,30.0,45.62737642585552,D
4799,Charlotte Nichols,Labour,4.0,0.0,12.0,17.0,0.0,0.0,0.0,0.0,33.0,3.0,0,0.0,36.0,30.0,45.45454545454545,D
5260,Katie White,Labour,13.0,0.0,10.0,3.0,0.0,4.0,5.0,1.0,36.0,0.0,0,0.0,36.0,30.0,45.45454545454545,D
5072,Mr Andrew Snowden,Conservative,21.0,0.0,9.0,0.0,0.0,0.0,0.0,0.0,30.0,6.0,0,0.0,36.0,30.0,45.45454545454545,D
5045,Mr Jonathan Brash,Labour,17.0,4.0,0.0,0.0,3.0,9.0,0.0,0.0,33.0,3.0,0,0.0,36.0,30.0,45.45454545454545,D
5199,Mr Luke Charters,Labour,13.0,13.0,2.0,8.0,0.0,0.0,0.0,0.0,36.0,0.0,0,0.0,36.0,30.0,45.45454545454545,D
1587,Pat McFadden,Labour,9.0,0.0,20.0,0.0,0.0,0.0,0.0,1.0,30.0,6.0,0,0.0,36.0,30.0,45.45454545454545,D
4747,Tahir Ali,Labour,4.0,0.0,0.0,18.0,3.0,0.0,0.0,5.0,30.0,6.0,0,0.0,36.0,30.0,45.45454545454545,D
5188,Tracy Gilbert,Labour,15.0,6.0,9.0,3.0,0.0,0.0,0.0,0.0,33.0,3.0,0,0.0,36.0,30.0,45.45454545454545,D
1524,Dame Meg Hillier,Labour (Co-op),0.0,0.0,3.5,9.0,3.75,0.0,0.0,17.0,33.25,3.0,0,0.0,36.25,30.0,45.28301886792453,D
4613,Alex Burghart,Conservative,7.0,14.0,6.5,6.0,0.0,0.0,0.0,0.0,33.5,3.0,0,0.0,36.5,30.0,45.11278195488722,D
5213,Dr Zubir Ahmed,Labour,7.0,13.5,0.0,9.0,3.0,0.0,0.0,1.0,33.5,3.0,0,0.0,36.5,30.0,45.11278195488722,D
5160,Jenny Riddell-Carpenter,Labour,18.75,0.0,7.0,0.0,0.0,0.0,4.0,1.0,30.75,6.0,0,0.0,36.75,30.0,44.9438202247191,D-
5186,Bradley Thomas,Conservative,13.0,4.0,12.0,6.0,0.0,0.0,0.0,2.0,37.0,0.0,0,0.0,37.0,30.0,44.776119402985074,D-
5182,Charlotte Cane,Liberal Democrat,12.0,5.0,12.0,0.0,0.0,0.0,0.0,8.0,37.0,0.0,0,0.0,37.0,30.0,44.776119402985074,D-
4527,Helen Whately,Conservative,20.0,0.0,10.0,0.0,0.0,0.0,0.0,1.0,31.0,6.0,0,0.0,37.0,30.0,44.776119402985074,D-
5114,Kirsty McNeill,Labour (Co-op),17.0,4.0,4.0,3.0,0.0,0.0,0.0,6.0,34.0,3.0,0,0.0,37.0,30.0,44.776119402985074,D-
5132,Liam Conlon,Labour,16.0,0.0,11.0,3.0,3.0,0.0,0.0,1.0,34.0,3.0,0,0.0,37.0,30.0,44.776119402985074,D-
5084,Mrs Elsie Blundell,Labour,5.0,4.0,16.0,0.0,0.0,0.0,8.0,1.0,34.0,3.0,0,0.0,37.0,30.0,44.776119402985074,D-
172,Ms Diane Abbott,Labour,10.0,14.0,4.0,3.0,0.0,0.0,0.0,3.0,34.0,3.0,0,0.0,37.0,30.0,44.776119402985074,D-
5076,Blair McDougall,Labour,7.0,18.5,0.0,0.0,0.0,0.0,0.0,9.0,34.5,3.0,0,0.0,37.5,30.0,44.44444444444444,D-
5226,Michelle Welsh,Labour,14.0,14.5,8.0,0.0,0.0,0.0,0.0,1.0,37.5,0.0,0,0.0,37.5,30.0,44.44444444444444,D-
249,Sir Geoffrey Clifton-Brown,Conservative,0.0,8.5,4.0,9.0,8.0,4.0,0.0,4.0,37.5,0.0,0,0.0,37.5,30.0,44.44444444444444,D-
5093,Alison Taylor,Labour,5.0,0.0,0.0,0.0,6.75,18.0,0.0,5.0,34.75,3.0,0,0.0,37.75,30.0,44.28044280442804,D-
4125,Catherine McKinnell,Labour,0.0,4.0,16.0,3.0,5.0,0.0,0.0,6.75,34.75,3.0,0,0.0,37.75,30.0,44.28044280442804,D-
5116,Chris McDonald,Labour,10.0,19.0,0.0,0.0,0.0,0.0,0.0,5.75,34.75,3.0,0,0.0,37.75,30.0,44.28044280442804,D-
4371,Brendan O'Hara,Scottish National Party,0.0,0.0,9.0,17.0,0.0,4.0,2.0,3.0,35.0,3.0,0,0.0,38.0,30.0,44.11764705882353,D-
5307,Dr Beccy Cooper,Labour,13.5,9.5,0.0,6.0,0.0,0.0,0.0,9.0,38.0,0.0,0,0.0,38.0,30.0,44.11764705882353,D-
4788,Fleur Anderson,Labour,13.0,0.0,4.0,18.0,0.0,0.0,0.0,0.0,35.0,3.0,0,0.0,38.0,30.0,44.11764705882353,D-
4783,Kate Osborne,Labour,12.0,0.0,16.0,0.0,0.0,4.0,0.0,3.0,35.0,3.0,0,0.0,38.0,30.0,44.11764705882353,D-
5298,Lauren Edwards,Labour,12.0,5.0,8.0,0.0,0.0,0.0,0.0,13.0,38.0,0.0,0,0.0,38.0,30.0,44.11764705882353,D-
4473,Louise Haigh,Labour,11.0,4.0,14.0,8.0,0.0,0.0,0.0,1.0,38.0,0.0,0,0.0,38.0,30.0,44.11764705882353,D-
5097,Mr Bayo Alaba,Independent,15.0,2.0,0.0,0.0,6.0,12.0,0.0,0.0,35.0,3.0,0,0.0,38.0,30.0,44.11764705882353,D-
4861,Robbie Moore,Conservative,16.0,0.0,6.0,0.0,0.0,4.0,0.0,9.0,35.0,3.0,0,0.0,38.0,30.0,44.11764705882353,D-
5271,Satvir Kaur,Labour,17.0,9.0,0.0,6.0,3.0,0.0,0.0,0.0,35.0,3.0,0,0.0,38.0,30.0,44.11764705882353,D-
4844,Matt Vickers,Conservative,15.0,2.0,4.0,9.0,0.0,0.0,0.0,5.25,35.25,3.0,0,0.0,38.25,30.0,43.95604395604396,D-
5177,Ann Davies,Plaid Cymru,4.0,4.5,0.0,0.0,9.25,13.0,0.0,7.75,38.5,0.0,0,0.0,38.5,30.0,43.79562043795621,D-
5240,Melanie Ward,Labour,4.0,4.5,9.0,18.0,0.0,0.0,0.0,0.0,35.5,3.0,0,0.0,38.5,30.0,43.79562043795621,D-
5247,Sojan Joseph,Labour,0.0,11.5,10.0,12.0,3.0,0.0,0.0,2.0,38.5,0.0,0,0.0,38.5,30.0,43.79562043795621,D-
4434,Stephen Gethins,Scottish National Party,0.0,14.5,0.0,12.0,0.0,0.0,0.0,12.0,38.5,0.0,0,0.0,38.5,30.0,43.79562043795621,D-
5101,Sir Ashley Fox,Conservative,15.75,8.0,8.0,0.0,0.0,4.0,0.0,0.0,35.75,3.0,0,0.0,38.75,30.0,43.63636363636363,D-
1440,Pete Wishart,Scottish National Party,0.0,11.0,22.0,0.0,0.0,0.0,0.0,0.0,33.0,6.0,0,0.0,39.0,30.0,43.47826086956522,D-
4267,Sarah Champion,Labour,0.0,0.0,8.0,24.0,0.0,0.0,0.0,1.0,33.0,6.0,0,0.0,39.0,30.0,43.47826086956522,D-
1560,Sir Jeremy Wright,Conservative,8.0,18.0,0.0,6.0,0.0,0.0,0.0,4.0,36.0,3.0,0,0.0,39.0,30.0,43.47826086956522,D-
4359,Stephen Kinnock,Labour,6.0,0.0,13.0,12.25,3.0,0.0,0.0,4.75,39.0,0.0,0,0.0,39.0,30.0,43.47826086956522,D-
4779,Taiwo Owatemi,Labour,2.0,2.0,8.0,0.0,0.0,4.0,0.0,20.0,36.0,3.0,0,0.0,39.0,30.0,43.47826086956522,D-
5230,Warinder Juss,Labour,9.0,4.0,16.0,0.0,3.0,0.0,0.0,4.0,36.0,3.0,0,0.0,39.0,30.0,43.47826086956522,D-
4849,Alex Davies-Jones,Labour,8.0,0.0,20.0,6.0,0.0,0.0,0.0,2.25,36.25,3.0,0,0.0,39.25,30.0,43.32129963898917,D-
5193,Callum Anderson,Labour,5.0,9.0,21.0,0.0,0.0,0.0,0.0,1.25,36.25,3.0,0,0.0,39.25,30.0,43.32129963898917,D-
5168,Adam Jogee,Labour,19.0,0.0,2.5,9.0,0.0,0.0,0.0,6.0,36.5,3.0,0,0.0,39.5,30.0,43.16546762589928,D-
5272,Margaret Mullane,Labour,23.5,6.0,0.0,0.0,0.0,0.0,0.0,4.0,33.5,6.0,0,0.0,39.5,30.0,43.16546762589928,D-
5066,Steve Darling,Liberal Democrat,23.0,0.0,4.0,3.0,0.0,0.0,0.0,3.5,33.5,6.0,0,0.0,39.5,30.0,43.16546762589928,D-
5059,Gurinder Singh Josan,Labour,0.0,0.0,0.0,0.0,13.0,0.0,0.0,21.0,34.0,6.0,0,0.0,40.0,30.0,42.85714285714286,D-
5447,Hannah Spencer,Green Party,25.0,5.0,0.0,0.0,3.0,0.0,0.0,1.0,34.0,6.0,0,0.0,40.0,30.0,42.85714285714286,D-
5154,Sarah Hall,Labour (Co-op),11.0,8.0,8.0,6.0,3.0,0.0,0.0,4.0,40.0,0.0,0,0.0,40.0,30.0,42.85714285714286,D-
5149,Amanda Hack,Labour,3.0,8.5,20.0,5.0,0.0,0.0,0.0,1.0,37.5,3.0,0,0.0,40.5,30.0,42.5531914893617,D-
5155,Chris Kane,Labour,0.0,10.0,4.0,3.0,0.0,4.0,0.0,16.5,37.5,3.0,0,0.0,40.5,30.0,42.5531914893617,D-
5337,Olivia Bailey,Labour,20.5,4.0,8.0,0.0,0.0,0.0,4.0,1.0,37.5,3.0,0,0.0,40.5,30.0,42.5531914893617,D-
5257,Rachel Blake,Labour (Co-op),22.0,4.5,9.0,0.0,0.0,0.0,0.0,2.0,37.5,3.0,0,0.0,40.5,30.0,42.5531914893617,D-
4048,Caroline Nokes,Conservative,14.0,2.0,16.0,6.0,0.0,0.0,0.0,3.0,41.0,0.0,0,0.0,41.0,30.0,42.25352112676056,D-
5032,Tom Gordon,Liberal Democrat,22.0,0.0,7.0,6.0,0.0,0.0,0.0,0.0,35.0,6.0,0,0.0,41.0,30.0,42.25352112676056,D-
4641,Alex Norris,Labour (Co-op),2.0,0.0,29.0,0.0,0.0,0.0,0.0,2.25,33.25,8.0,0,0.0,41.25,30.0,42.10526315789474,D-
5129,Martin McCluskey,Labour,11.0,4.5,0.0,0.0,3.0,0.0,0.0,19.75,38.25,3.0,0,0.0,41.25,30.0,42.10526315789474,D-
5112,Luke Akehurst,Labour,8.5,8.0,0.0,6.0,0.0,8.0,0.0,11.0,41.5,0.0,0,0.0,41.5,30.0,41.95804195804196,D-
4264,Stephen Doughty,Labour (Co-op),4.0,0.0,6.0,21.0,0.0,0.0,0.0,7.75,38.75,3.0,0,0.0,41.75,30.0,41.81184668989547,D-
4610,Bambos Charalambous,Labour,0.0,0.0,16.0,18.0,0.0,0.0,0.0,5.0,39.0,3.0,0,0.0,42.0,30.0,41.66666666666667,D-
4456,Jeff Smith,Labour,2.0,0.0,29.0,0.0,0.0,0.0,0.0,3.0,34.0,8.0,0,0.0,42.0,30.0,41.66666666666667,D-
5094,Ms Julie Minns,Labour,5.0,12.0,14.0,0.0,3.75,0.0,0.0,7.25,42.0,0.0,0,0.0,42.0,30.0,41.66666666666667,D-
4403,Chris Law,Scottish National Party,3.0,0.0,0.0,20.25,6.0,4.0,0.0,6.0,39.25,3.0,0,0.0,42.25,30.0,41.52249134948097,D-
5138,Ian Roome,Liberal Democrat,8.0,23.0,4.0,0.0,0.0,0.0,0.0,1.25,36.25,6.0,0,0.0,42.25,30.0,41.52249134948097,D-
4864,Olivia Blake,Labour,29.5,0.0,2.0,3.0,0.0,0.0,0.0,0.0,34.5,8.0,0,0.0,42.5,30.0,41.37931034482758,D-
5202,Jessica Toale,Labour,14.0,0.0,0.0,9.0,16.75,0.0,0.0,0.0,39.75,3.0,0,0.0,42.75,30.0,41.23711340206186,D-
5215,Naushabah Khan,Labour,21.75,4.0,4.0,6.0,0.0,0.0,0.0,4.0,39.75,3.0,0,0.0,42.75,30.0,41.23711340206186,D-
5156,Jess Asato,Labour,25.0,0.0,4.0,0.0,0.0,0.0,0.0,8.0,37.0,6.0,0,0.0,43.0,30.0,41.0958904109589,D-
4682,Luke Pollard,Labour (Co-op),14.0,0.0,20.0,6.0,0.0,0.0,0.0,0.0,40.0,3.0,0,0.0,43.0,30.0,41.0958904109589,D-
5323,Matt Bishop,Labour,2.0,5.0,9.0,6.0,0.0,0.0,0.0,18.0,40.0,3.0,0,0.0,43.0,30.0,41.0958904109589,D-
5133,Alice Macdonald,Labour (Co-op),27.0,0.0,0.0,0.0,3.0,0.0,0.0,7.25,37.25,6.0,0,0.0,43.25,30.0,40.95563139931741,D-
5333,Lucy Rigby,Labour,17.0,4.0,6.0,6.0,0.0,0.0,5.0,5.25,43.25,0.0,0,0.0,43.25,30.0,40.95563139931741,D-
4449,Anna Turley,Labour (Co-op),17.0,4.5,14.0,0.0,0.0,0.0,0.0,8.25,43.75,0.0,0,0.0,43.75,30.0,40.67796610169492,D-
221,Dan Norris,Independent,25.0,7.5,0.0,0.0,0.0,0.0,0.0,5.25,37.75,6.0,0,0.0,43.75,30.0,40.67796610169492,D-
5108,Dr Sam Rushworth,Labour,19.75,4.0,0.0,6.0,0.0,8.0,0.0,3.0,40.75,3.0,0,0.0,43.75,30.0,40.67796610169492,D-
3966,Ian Murray,Labour,10.0,0.0,8.0,3.0,3.0,4.0,0.0,16.0,44.0,0.0,0,0.0,44.0,30.0,40.54054054054054,D-
3957,Martin Vickers,Conservative,8.0,0.0,0.0,24.0,0.0,0.0,2.0,7.0,41.0,3.0,0,0.0,44.0,30.0,40.54054054054054,D-
4032,Stuart Andrew,Conservative,0.0,0.0,31.0,3.0,0.0,0.0,0.0,0.0,34.0,10.0,0,0.0,44.0,30.0,40.54054054054054,D-
4368,Neil Coyle,Labour,14.25,0.0,12.0,12.0,0.0,0.0,0.0,6.0,44.25,0.0,0,0.0,44.25,30.0,40.4040404040404,D-
3924,Yasmin Qureshi,Labour,12.0,0.0,13.0,12.0,0.0,0.0,2.0,5.25,44.25,0.0,0,0.0,44.25,30.0,40.4040404040404,D-
5103,Luke Taylor,Liberal Democrat,17.0,17.5,9.0,0.0,0.0,0.0,0.0,1.0,44.5,0.0,0,0.0,44.5,30.0,40.26845637583892,D-
4797,James Murray,Labour (Co-op),2.0,0.0,32.0,0.0,0.0,0.0,0.0,1.0,35.0,10.0,0,0.0,45.0,30.0,40.0,D-
4399,Victoria Atkins,Conservative,2.0,0.0,33.0,0.0,0.0,0.0,0.0,2.0,37.0,8.0,0,0.0,45.0,30.0,40.0,D-
4061,Bill Esterson,Labour,8.0,0.0,12.0,18.5,0.0,4.0,0.0,0.0,42.5,3.0,0,0.0,45.5,30.0,39.735099337748345,F
4764,Bell Ribeiro-Addy,Labour,8.0,22.0,2.0,9.0,0.0,0.0,0.0,2.0,43.0,3.0,0,0.0,46.0,30.0,39.47368421052632,F
4358,Wendy Morton,Conservative,12.75,0.0,4.0,12.0,6.0,4.0,0.0,7.25,46.0,0.0,0,0.0,46.0,30.0,39.47368421052632,F
5111,Martin Wrigley,Liberal Democrat,0.0,30.5,2.0,0.0,0.0,5.0,0.0,1.25,38.75,8.0,0,0.0,46.75,30.0,39.08794788273615,F
4811,Navendu Mishra,Labour,18.75,0.0,15.0,12.0,0.0,0.0,0.0,2.0,47.75,0.0,0,0.0,47.75,30.0,38.58520900321543,F
3912,Richard Fuller,Conservative,4.0,18.0,4.0,0.0,6.75,0.0,0.0,15.0,47.75,0.0,0,0.0,47.75,30.0,38.58520900321543,F
4460,Ms Nusrat Ghani,Conservative,0.0,0.0,32.0,6.0,0.0,0.0,0.0,2.0,40.0,8.0,0,0.0,48.0,30.0,38.46153846153846,F
5030,Dr Simon Opher,Labour,10.0,18.5,8.0,6.0,0.0,0.0,0.0,6.0,48.5,0.0,0,0.0,48.5,30.0,38.21656050955414,F
4253,Seema Malhotra,Labour (Co-op),25.5,0.0,0.0,6.0,8.0,0.0,0.0,6.0,45.5,3.0,0,0.0,48.5,30.0,38.21656050955414,F
5250,Gideon Amos,Liberal Democrat,23.5,4.5,0.0,3.0,0.0,8.0,0.0,7.0,46.0,3.0,0,0.0,49.0,30.0,37.9746835443038,F
350,Sir John Hayes,Conservative,5.0,31.0,0.0,0.0,0.0,0.0,2.0,3.0,41.0,8.0,0,0.0,49.0,30.0,37.9746835443038,F
632,Mr Douglas Alexander,Labour (Co-op),16.0,0.0,9.0,3.0,6.0,4.0,0.0,11.25,49.25,0.0,0,0.0,49.25,30.0,37.85488958990536,F
4824,Kim Johnson,Labour,4.0,0.0,20.0,12.75,0.0,0.0,0.0,9.75,46.5,3.0,0,0.0,49.5,30.0,37.735849056603776,F
5073,Marie Goldman,Liberal Democrat,0.0,13.5,15.0,0.0,0.0,12.0,0.0,9.0,49.5,0.0,0,0.0,49.5,30.0,37.735849056603776,F
4505,Peter Kyle,Labour,19.0,0.0,14.5,8.0,0.0,8.0,0.0,0.0,49.5,0.0,0,0.0,49.5,30.0,37.735849056603776,F
420,Yvette Cooper,Labour,27.0,12.0,4.5,3.0,0.0,0.0,0.0,0.0,46.5,3.0,0,0.0,49.5,30.0,37.735849056603776,F
5100,Blake Stephenson,Conservative,6.0,12.5,14.0,6.0,3.0,0.0,0.0,8.25,49.75,0.0,0,0.0,49.75,30.0,37.61755485893417,F
5194,Steve Yemm,Labour,36.75,4.0,0.0,0.0,0.0,0.0,0.0,1.0,41.75,8.0,0,0.0,49.75,30.0,37.61755485893417,F
5176,Baggy Shanker,Labour (Co-op),21.0,18.0,0.0,0.0,3.0,4.0,0.0,1.0,47.0,3.0,0,0.0,50.0,30.0,37.49999999999999,F
4621,Darren Jones,Labour,21.75,0.0,12.0,3.0,0.0,0.0,0.0,10.25,47.0,3.0,0,0.0,50.0,30.0,37.49999999999999,F
5352,Dr Roz Savage,Liberal Democrat,22.0,8.0,10.0,6.0,0.0,0.0,0.0,1.0,47.0,3.0,0,0.0,50.0,30.0,37.49999999999999,F
4653,Stephen Morgan,Labour,6.0,0.0,29.0,9.0,0.0,0.0,0.0,0.0,44.0,6.0,0,0.0,50.0,30.0,37.49999999999999,F
5282,Dan Tomlinson,Labour,31.0,2.0,5.0,6.75,0.0,0.0,0.0,0.0,44.75,6.0,0,0.0,50.75,30.0,37.15170278637771,F
5038,Anneliese Midgley,Labour,8.0,4.0,33.0,0.0,0.0,0.0,0.0,0.0,45.0,6.0,0,0.0,51.0,30.0,37.03703703703704,F
4993,Keir Mather,Labour,28.0,12.0,8.0,0.0,0.0,0.0,0.0,0.0,48.0,3.0,0,0.0,51.0,30.0,37.03703703703704,F
5166,Mark Sewards,Labour,12.75,4.0,8.0,23.25,0.0,0.0,0.0,0.0,48.0,3.0,0,0.0,51.0,30.0,37.03703703703704,F
1593,Sammy Wilson,Democratic Unionist Party,0.0,36.0,0.0,6.0,0.0,0.0,0.0,1.0,43.0,8.0,0,0.0,51.0,30.0,37.03703703703704,F
5231,Mr Adnan Hussain,Independent,3.0,12.5,0.0,0.0,3.0,20.0,0.0,12.75,51.25,0.0,0,0.0,51.25,30.0,36.92307692307693,F
4657,Anneliese Dodds,Labour (Co-op),0.0,26.0,8.0,11.75,3.0,0.0,0.0,0.0,48.75,3.0,0,0.0,51.75,30.0,36.69724770642202,F
5285,Katie Lam,Conservative,19.0,0.0,8.0,3.0,8.75,8.0,0.0,5.0,51.75,0.0,0,0.0,51.75,30.0,36.69724770642202,F
5115,Jon Pearce,Labour,26.0,0.0,4.0,12.75,6.75,0.0,0.0,0.0,49.5,3.0,0,0.0,52.5,30.0,36.36363636363637,F
5286,Anna Sabine,Liberal Democrat,20.0,0.0,4.0,3.0,0.0,20.0,0.0,3.0,50.0,3.0,0,0.0,53.0,30.0,36.14457831325301,F
5148,Mr Hamish Falconer,Labour,30.0,0.0,0.0,6.0,3.75,4.0,0.0,4.0,47.75,6.0,0,0.0,53.75,30.0,35.82089552238806,F
5105,Jo White,Labour,27.0,4.0,16.0,3.0,0.0,0.0,0.0,1.0,51.0,3.0,0,0.0,54.0,30.0,35.714285714285715,F
5191,Adam Dance,Liberal Democrat,36.0,6.0,2.0,0.0,0.0,0.0,0.0,2.25,46.25,8.0,0,0.0,54.25,30.0,35.60830860534124,F
5314,Siân Berry,Green Party,40.0,0.0,0.0,0.0,0.0,0.0,0.0,6.25,46.25,8.0,0,0.0,54.25,30.0,35.60830860534124,F
4638,Mr Tanmanjeet Singh Dhesi,Labour,28.0,0.0,4.0,19.5,0.0,0.0,0.0,0.0,51.5,3.0,0,0.0,54.5,30.0,35.50295857988166,F
5167,Gregor Poynton,Labour,19.75,17.0,17.0,0.0,0.0,0.0,0.0,1.0,54.75,0.0,0,0.0,54.75,30.0,35.39823008849557,F
4268,Steve Reed,Labour (Co-op),11.0,0.0,36.0,0.0,0.0,0.0,0.0,0.0,47.0,8.0,0,0.0,55.0,30.0,35.294117647058826,F
4979,Andrew Western,Labour,23.75,2.0,21.0,6.0,0.0,0.0,0.0,0.0,52.75,3.0,0,0.0,55.75,30.0,34.98542274052478,F
4119,Jonathan Reynolds,Labour (Co-op),7.0,0.0,30.5,6.0,0.0,0.0,2.5,3.75,49.75,6.0,0,0.0,55.75,30.0,34.98542274052478,F
5254,Alison Hume,Labour,21.0,22.0,0.0,0.0,3.75,5.0,0.0,1.25,53.0,3.0,0,0.0,56.0,30.0,34.88372093023256,F
4107,Dame Harriett Baldwin,Conservative,0.0,4.0,30.0,9.0,0.0,0.0,0.0,10.0,53.0,3.0,0,0.0,56.0,30.0,34.88372093023256,F
5284,David Chadwick,Liberal Democrat,30.0,0.0,20.0,0.0,3.0,0.0,0.0,0.0,53.0,3.0,0,0.0,56.0,30.0,34.88372093023256,F
4850,Gareth Davies,Conservative,8.0,18.5,5.0,16.75,0.0,4.0,0.0,4.0,56.25,0.0,0,0.0,56.25,30.0,34.78260869565217,F
5275,Graeme Downie,Labour,11.0,16.5,12.0,15.0,0.0,0.0,0.0,2.0,56.5,0.0,0,0.0,56.5,30.0,34.68208092485549,F
4765,Wendy Chamberlain,Liberal Democrat,16.0,0.0,23.5,3.0,0.0,0.0,0.0,11.0,53.5,3.0,0,0.0,56.5,30.0,34.68208092485549,F
4671,Afzal Khan,Labour,8.0,0.0,4.0,35.75,3.0,0.0,0.0,0.0,50.75,6.0,0,0.0,56.75,30.0,34.5821325648415,F
5074,Mr Paul Foster,Labour,7.0,4.5,4.0,9.0,3.0,12.0,0.0,17.25,56.75,0.0,0,0.0,56.75,30.0,34.5821325648415,F
5327,Vikki Slade,Liberal Democrat,11.0,10.5,4.0,6.0,0.0,0.0,0.0,22.25,53.75,3.0,0,0.0,56.75,30.0,34.5821325648415,F
5216,Caroline Voaden,Liberal Democrat,38.0,0.0,11.0,0.0,0.0,0.0,0.0,0.0,49.0,8.0,0,0.0,57.0,30.0,34.48275862068966,F
5249,Dr Ellie Chowns,Green Party,25.0,4.0,22.0,0.0,0.0,0.0,0.0,3.0,54.0,3.0,0,0.0,57.0,30.0,34.48275862068966,F
3914,Shabana Mahmood,Labour,44.0,0.0,0.0,3.0,0.0,0.0,0.0,0.0,47.0,10.0,0,0.0,57.0,30.0,34.48275862068966,F
5064,Steve Race,Labour,2.0,0.0,29.0,22.0,0.0,0.0,0.0,1.25,54.25,3.0,0,0.0,57.25,30.0,34.3839541547278,F
5163,Dr Peter Prinsley,Labour,0.0,42.5,0.0,3.0,3.0,0.0,0.0,1.0,49.5,8.0,0,0.0,57.5,30.0,34.285714285714285,F
4051,John Glen,Conservative,0.0,4.5,4.0,3.0,0.0,29.0,0.0,14.0,54.5,3.0,0,0.0,57.5,30.0,34.285714285714285,F
4806,Claire Coutinho,Conservative,33.0,4.0,8.0,0.0,3.75,0.0,0.0,3.0,51.75,6.0,0,0.0,57.75,30.0,34.18803418803419,F
5033,Josh MacAlister,Labour,38.5,0.0,10.0,0.0,0.0,0.0,0.0,2.25,50.75,8.0,0,0.0,58.75,30.0,33.802816901408455,F
4503,Chris Philp,Conservative,6.0,0.0,13.0,3.0,0.0,30.0,0.0,4.0,56.0,3.0,0,0.0,59.0,30.0,33.70786516853932,F
5360,David Pinto-Duschinsky,Labour,39.0,12.0,0.0,0.0,0.0,0.0,0.0,2.25,53.25,6.0,0,0.0,59.25,30.0,33.61344537815126,F
4785,Dr Ben Spencer,Conservative,13.0,0.0,32.0,6.0,0.0,0.0,0.0,2.25,53.25,6.0,0,0.0,59.25,30.0,33.61344537815126,F
1466,Dr Andrew Murrison,Conservative,2.0,36.5,0.0,0.0,10.0,0.0,2.0,3.0,53.5,6.0,0,0.0,59.5,30.0,33.5195530726257,F
5330,Mr Peter Bedford,Conservative,0.0,4.0,39.0,3.0,0.0,0.0,0.0,7.75,53.75,6.0,0,0.0,59.75,30.0,33.42618384401114,F
5243,Andrew Pakes,Labour (Co-op),39.0,4.0,0.0,6.0,3.0,0.0,0.0,2.0,54.0,6.0,0,0.0,60.0,30.0,33.333333333333336,F
4511,Dr Rupa Huq,Labour,0.0,0.0,24.0,33.0,0.0,0.0,0.0,0.0,57.0,3.0,0,0.0,60.0,30.0,33.333333333333336,F
373,David Davis,Conservative,24.0,16.0,8.0,9.0,0.0,0.0,0.0,4.0,61.0,0.0,0,0.0,61.0,30.0,32.96703296703297,F
4923,Kim Leadbeater,Labour,14.0,0.0,41.0,0.0,0.0,0.0,0.0,0.0,55.0,6.0,0,0.0,61.0,30.0,32.96703296703297,F
5296,Freddie van Mierlo,Liberal Democrat,28.0,20.5,10.0,0.0,0.0,0.0,0.0,0.0,58.5,3.0,0,0.0,61.5,30.0,32.786885245901644,F
5131,Jack Abbott,Labour (Co-op),22.75,0.0,26.0,0.0,3.75,0.0,5.0,1.0,58.5,3.0,0,0.0,61.5,30.0,32.786885245901644,F
5060,Josh Simons,Labour,16.0,8.0,25.0,0.0,0.0,5.0,0.0,4.5,58.5,3.0,0,0.0,61.5,30.0,32.786885245901644,F
5122,Manuela Perteghella,Liberal Democrat,21.0,18.5,9.0,0.0,0.0,4.0,0.0,9.0,61.5,0.0,0,0.0,61.5,30.0,32.786885245901644,F
1521,Mrs Sharon Hodgson,Labour,0.0,0.0,21.0,23.75,0.0,0.0,2.0,12.5,59.25,3.0,0,0.0,62.25,30.0,32.52032520325203,F
5120,Shockat Adam,Independent,35.0,6.5,2.0,6.0,3.0,0.0,0.0,7.0,59.5,3.0,0,0.0,62.5,30.0,32.43243243243243,F
4108,Sir Gavin Williamson,Conservative,3.0,14.5,4.0,21.0,0.0,12.0,0.0,8.25,62.75,0.0,0,0.0,62.75,30.0,32.34501347708895,F
5203,Alison Griffiths,Conservative,11.0,6.0,23.0,3.0,3.0,0.0,0.0,17.0,63.0,0.0,0,0.0,63.0,30.0,32.25806451612903,F
5283,Alison Bennett,Liberal Democrat,39.0,6.5,11.0,0.0,0.0,0.0,0.0,1.25,57.75,6.0,0,0.0,63.75,30.0,32.0,F
5192,Helena Dollimore,Labour (Co-op),33.0,4.0,9.0,12.75,0.0,0.0,0.0,2.0,60.75,3.0,0,0.0,63.75,30.0,32.0,F
5185,Alan Gemmell,Labour,2.0,0.0,21.0,21.0,0.0,9.0,0.0,11.0,64.0,0.0,0,0.0,64.0,30.0,31.91489361702128,F
5322,Mr Will Forster,Liberal Democrat,30.0,15.0,13.0,3.75,0.0,0.0,0.0,0.0,61.75,3.0,0,0.0,64.75,30.0,31.6622691292876,F
4818,Saqib Bhatti,Conservative,9.0,6.0,20.0,3.0,6.0,9.0,4.0,8.25,65.25,0.0,0,0.0,65.25,30.0,31.496062992125985,F
4474,Kevin Hollinrake,Conservative,5.0,4.0,27.0,0.0,6.0,8.0,0.0,13.0,63.0,3.0,0,0.0,66.0,30.0,31.25,F
5050,Lewis Cocking,Conservative,25.0,9.5,28.0,0.0,0.0,0.0,0.0,1.0,63.5,3.0,0,0.0,66.5,30.0,31.088082901554404,F
5229,Joe Powell,Labour,44.0,4.0,5.0,0.0,5.25,0.0,0.0,3.0,61.25,6.0,0,0.0,67.25,30.0,30.848329048843187,F
5265,James MacCleary,Liberal Democrat,31.0,11.5,12.0,6.0,0.0,0.0,0.0,4.0,64.5,3.0,0,0.0,67.5,30.0,30.76923076923077,F
1447,Andrew Rosindell,Reform UK,29.5,0.0,6.0,24.0,0.0,0.0,0.0,6.0,65.5,3.0,0,0.0,68.5,30.0,30.456852791878173,F
4739,Jerome Mayhew,Conservative,0.0,4.5,0.0,6.0,20.0,8.0,0.0,27.25,65.75,3.0,0,0.0,68.75,30.0,30.37974683544304,F
40,Sir Bernard Jenkin,Conservative,15.0,22.0,6.0,6.75,3.0,8.0,0.0,8.0,68.75,0.0,0,0.0,68.75,30.0,30.37974683544304,F
5198,Chris Coghlan,Liberal Democrat,33.0,25.0,0.0,0.0,0.0,5.0,0.0,3.0,66.0,3.0,0,0.0,69.0,30.0,30.303030303030305,F
3952,Mr Toby Perkins,Labour,6.0,0.0,49.0,6.0,0.0,0.0,0.0,0.0,61.0,8.0,0,0.0,69.0,30.0,30.303030303030305,F
5078,Pippa Heylings,Liberal Democrat,30.0,13.0,2.5,13.5,0.0,4.0,0.0,3.0,66.0,3.0,0,0.0,69.0,30.0,30.303030303030305,F
4243,Dan Jarvis,Labour,29.0,0.0,28.0,0.0,0.0,0.0,0.0,9.25,66.25,3.0,0,0.0,69.25,30.0,30.22670025188917,F
4005,Bob Blackman,Conservative,17.75,0.0,17.0,26.0,3.0,0.0,2.0,4.0,69.75,0.0,0,0.0,69.75,30.0,30.07518796992481,F
1489,Dawn Butler,Labour,17.0,32.0,0.0,6.0,3.0,0.0,0.0,9.0,67.0,3.0,0,0.0,70.0,30.0,30.0,F
4918,Sarah Green,Liberal Democrat,47.0,0.0,4.0,3.0,3.0,0.0,5.0,0.0,62.0,8.0,0,0.0,70.0,30.0,30.0,F
4623,Tonia Antoniazzi,Labour,2.0,0.0,53.0,3.0,0.0,0.0,0.0,4.0,62.0,8.0,0,0.0,70.0,30.0,30.0,F
5077,Jacob Collier,Labour,4.0,4.0,47.0,6.0,0.0,0.0,0.0,3.25,64.25,6.0,0,0.0,70.25,30.0,29.92518703241895,F
4934,Helen Morgan,Liberal Democrat,45.0,0.0,12.0,0.0,6.0,0.0,0.0,2.0,65.0,6.0,0,0.0,71.0,30.0,29.702970297029704,F
4813,Mr Richard Holden,Conservative,6.0,0.0,28.0,21.0,0.0,0.0,0.0,13.0,68.0,3.0,0,0.0,71.0,30.0,29.702970297029704,F
5355,Sarah Bool,Conservative,5.0,4.0,46.0,10.0,0.0,0.0,0.0,0.0,65.0,6.0,0,0.0,71.0,30.0,29.702970297029704,F
5320,Adrian Ramsay,Green Party,31.0,2.0,24.0,0.0,6.25,0.0,0.0,5.25,68.5,3.0,0,0.0,71.5,30.0,29.55665024630542,F
5207,Clive Jones,Liberal Democrat,53.0,0.0,7.0,0.0,0.0,4.0,0.0,1.0,65.0,8.0,0,0.0,73.0,30.0,29.12621359223301,F
5347,David Reed,Conservative,16.0,0.0,29.0,23.0,0.0,0.0,0.0,5.0,73.0,0.0,0,0.0,73.0,30.0,29.12621359223301,F
4118,Sir Julian Smith,Conservative,19.0,22.5,8.0,9.0,5.5,0.0,0.0,9.75,73.75,0.0,0,0.0,73.75,30.0,28.915662650602407,F
5083,Bobby Dean,Liberal Democrat,29.75,18.0,14.0,3.0,0.0,0.0,0.0,6.25,71.0,3.0,0,0.0,74.0,30.0,28.846153846153847,F
4634,Christine Jardine,Liberal Democrat,16.0,0.0,45.0,3.0,0.0,0.0,0.0,4.0,68.0,6.0,0,0.0,74.0,30.0,28.846153846153847,F
5082,Jake Richards,Labour,12.0,42.0,9.0,3.0,0.0,0.0,4.0,1.0,71.0,3.0,0,0.0,74.0,30.0,28.846153846153847,F
4095,Steve Barclay,Conservative,17.0,42.0,4.0,0.0,0.0,4.0,0.0,4.0,71.0,3.0,0,0.0,74.0,30.0,28.846153846153847,F
5222,Tom Rutland,Labour,19.0,10.0,34.0,3.0,0.0,0.0,0.0,5.0,71.0,3.0,0,0.0,74.0,30.0,28.846153846153847,F
5346,Calum Miller,Liberal Democrat,37.0,12.5,9.0,3.0,0.0,0.0,0.0,10.25,71.75,3.0,0,0.0,74.75,30.0,28.639618138424822,F
5362,Mr Angus MacDonald,Liberal Democrat,37.0,5.0,0.0,0.0,11.0,20.0,0.0,0.0,73.0,3.0,0,0.0,76.0,30.0,28.30188679245283,F
39,Sir John Whittingdale,Conservative,2.0,0.0,44.0,12.0,3.0,0.0,8.0,2.0,71.0,6.0,0,0.0,77.0,30.0,28.03738317757009,F
1512,David Mundell,Conservative,32.5,0.0,12.0,18.0,0.0,0.0,0.0,12.0,74.5,3.0,0,0.0,77.5,30.0,27.906976744186046,F
5301,Rebecca Smith,Conservative,4.0,10.5,50.0,6.0,0.0,0.0,0.0,1.0,71.5,6.0,0,0.0,77.5,30.0,27.906976744186046,F
5118,Chris Curtis,Labour,18.0,8.0,41.0,6.0,0.0,0.0,0.0,2.0,75.0,3.0,0,0.0,78.0,30.0,27.77777777777778,F
4521,Liz Saville Roberts,Plaid Cymru,40.0,4.0,4.0,14.0,3.0,0.0,0.0,10.0,75.0,3.0,0,0.0,78.0,30.0,27.77777777777778,F
4637,Mr James Frith,Labour,11.0,0.0,50.0,3.0,0.0,8.0,0.0,0.0,72.0,6.0,0,0.0,78.0,30.0,27.77777777777778,F
4932,Mr Louie French,Conservative,4.0,0.0,61.0,3.0,0.0,0.0,0.0,2.25,70.25,8.0,0,0.0,78.25,30.0,27.71362586605081,F
5294,Amanda Martin,Labour,8.0,8.0,39.5,6.0,0.0,0.0,0.0,14.0,75.5,3.0,0,0.0,78.5,30.0,27.649769585253456,F
5336,Helen Maguire,Liberal Democrat,21.0,0.0,29.0,9.0,7.5,8.0,0.0,4.0,78.5,0.0,0,0.0,78.5,30.0,27.649769585253456,F
4479,Nick Thomas-Symonds,Labour,8.75,22.0,38.0,0.0,0.0,0.0,0.0,7.25,76.0,3.0,0,0.0,79.0,30.0,27.522935779816518,F
188,Ed Davey,Liberal Democrat,39.0,18.5,14.5,0.0,0.0,0.0,0.0,5.0,77.0,3.0,0,0.0,80.0,30.0,27.272727272727277,F
1482,Graham Stuart,Conservative,12.0,8.0,31.0,15.0,0.0,4.0,2.0,5.0,77.0,3.0,0,0.0,80.0,30.0,27.272727272727277,F
4124,Dame Chi Onwurah,Labour,11.75,0.0,46.0,9.0,6.0,0.0,0.0,6.0,78.75,3.0,0,0.0,81.75,30.0,26.845637583892614,F
4439,Alberto Costa,Conservative,22.0,0.0,37.5,6.25,6.0,0.0,2.5,5.0,79.25,3.0,0,0.0,82.25,30.0,26.7260579064588,F
5304,Dr Danny Chambers,Liberal Democrat,47.0,0.0,14.0,3.0,0.0,4.0,0.0,9.5,77.5,6.0,0,0.0,83.5,30.0,26.431718061674008,F
4480,Carolyn Harris,Labour,4.0,52.0,4.0,6.0,0.0,0.0,0.0,12.0,78.0,6.0,0,0.0,84.0,30.0,26.31578947368421,F
4780,Laura Trott,Conservative,32.0,12.0,34.0,3.0,0.0,0.0,0.0,0.0,81.0,3.0,0,0.0,84.0,30.0,26.31578947368421,F
1591,Tim Farron,Liberal Democrat,63.0,0.0,6.0,3.0,0.0,0.0,0.0,4.0,76.0,8.0,0,0.0,84.0,30.0,26.31578947368421,F
4409,Naz Shah,Labour,10.0,10.0,2.0,56.25,0.0,0.0,0.0,0.0,78.25,6.0,0,0.0,84.25,30.0,26.2582056892779,F
3935,Sir Mel Stride,Conservative,57.5,0.0,14.0,3.0,0.0,4.0,0.0,1.0,79.5,6.0,0,0.0,85.5,30.0,25.97402597402597,F
4938,Paulette Hamilton,Labour,0.0,70.0,4.0,3.0,0.0,0.0,0.0,2.0,79.0,8.0,0,0.0,87.0,30.0,25.64102564102564,F
5146,Michael Payne,Labour,32.0,33.0,4.0,11.0,0.0,0.0,0.0,8.0,88.0,0.0,0,0.0,88.0,30.0,25.42372881355932,F
4786,Zarah Sultana,Your Party,20.0,0.0,22.5,22.5,0.0,8.0,0.0,15.25,88.25,0.0,0,0.0,88.25,30.0,25.36997885835095,F
5239,Sarah Gibson,Liberal Democrat,16.0,51.5,10.0,0.0,0.0,4.0,0.0,1.25,82.75,6.0,0,0.0,88.75,30.0,25.26315789473684,F
5055,Max Wilkinson,Liberal Democrat,45.0,0.0,41.5,0.0,0.0,0.0,0.0,0.0,86.5,3.0,0,0.0,89.5,30.0,25.10460251046025,F
4008,Dame Caroline Dinenage,Conservative,9.0,6.0,64.0,3.0,0.0,0.0,0.0,0.0,82.0,8.0,0,0.0,90.0,30.0,25.0,F
5164,Steff Aquarone,Liberal Democrat,38.0,8.0,8.0,5.0,0.0,17.0,0.0,11.0,87.0,3.0,0,0.0,90.0,30.0,25.0,F
4656,Layla Moran,Liberal Democrat,43.75,4.5,14.0,18.0,0.0,0.0,0.0,7.0,87.25,3.0,0,0.0,90.25,30.0,24.94802494802495,F
4804,Mr Gagan Mohindra,Conservative,29.0,0.0,44.0,9.25,0.0,0.0,0.0,6.0,88.25,3.0,0,0.0,91.25,30.0,24.74226804123712,F
5335,Jess Brown-Fuller,Liberal Democrat,54.5,7.0,18.0,0.0,0.0,0.0,0.0,6.0,85.5,6.0,0,0.0,91.5,30.0,24.69135802469136,F
5321,Mr Paul Kohler,Liberal Democrat,34.0,4.0,36.0,3.75,0.0,8.0,0.0,6.0,91.75,0.0,0,0.0,91.75,30.0,24.64065708418891,F
4805,Alicia Kearns,Conservative,7.75,8.0,14.0,48.75,0.0,0.0,0.0,10.75,89.25,3.0,0,0.0,92.25,30.0,24.539877300613497,F
5061,Andrew Lewin,Labour,69.0,4.0,8.0,3.0,0.0,0.0,0.0,1.0,85.0,8.0,0,0.0,93.0,30.0,24.390243902439025,F
5065,Rachel Taylor,Labour,7.0,20.0,47.0,8.0,3.0,4.0,0.0,1.0,90.0,3.0,0,0.0,93.0,30.0,24.390243902439025,F
4018,Helen Grant,Conservative,19.0,8.0,44.5,0.0,9.0,4.0,2.0,4.0,90.5,3.0,0,0.0,93.5,30.0,24.2914979757085,F
4074,Mark Garnier,Conservative,2.0,34.5,16.0,15.0,3.0,4.0,2.0,18.0,94.5,0.0,0,0.0,94.5,30.0,24.096385542168672,F
5241,Aphra Brandreth,Conservative,22.0,4.5,27.0,0.0,15.75,12.0,0.0,15.0,96.25,0.0,0,0.0,96.25,30.0,23.76237623762376,F
5047,James Naish,Labour,18.0,25.5,4.0,0.0,15.0,13.0,0.0,20.75,96.25,0.0,0,0.0,96.25,30.0,23.76237623762376,F
5161,Richard Tice,Reform UK,0.0,23.5,2.0,9.0,0.0,28.0,0.0,34.0,96.5,0.0,0,0.0,96.5,30.0,23.715415019762844,F
5313,Zöe Franklin,Liberal Democrat,82.0,0.0,4.0,0.0,0.0,0.0,0.0,1.0,87.0,10.0,0,0.0,97.0,30.0,23.62204724409449,F
4407,Nigel Huddleston,Conservative,21.0,0.0,56.0,3.0,0.0,4.0,0.0,7.25,91.25,6.0,0,0.0,97.25,30.0,23.575638506876224,F
4874,Andrew Griffith,Conservative,31.75,4.0,31.0,19.75,9.0,0.0,0.0,2.0,97.5,0.0,0,0.0,97.5,30.0,23.529411764705884,F
5062,Nick Timothy,Conservative,56.0,4.5,26.0,0.0,0.0,0.0,0.0,5.0,91.5,6.0,0,0.0,97.5,30.0,23.529411764705884,F
4658,Alex Sobel,Labour (Co-op),3.0,0.0,62.0,15.75,0.0,0.0,0.0,12.25,93.0,6.0,0,0.0,99.0,30.0,23.25581395348837,F
5340,Jack Rankin,Conservative,34.5,11.0,37.0,5.0,0.0,8.0,0.0,4.0,99.5,0.0,0,0.0,99.5,30.0,23.16602316602317,F
5086,Josh Babarinde,Liberal Democrat,81.0,0.0,5.0,0.0,0.0,0.0,0.0,4.0,90.0,10.0,0,0.0,100.0,30.0,23.076923076923077,F
4370,Jess Phillips,Labour,2.0,60.0,25.0,0.0,0.0,0.0,0.0,9.0,96.0,6.0,0,0.0,102.0,30.0,22.727272727272727,F
5267,Yuan Yang,Labour,46.0,25.5,13.0,9.0,3.0,0.0,0.0,3.0,99.5,3.0,0,0.0,102.5,30.0,22.641509433962263,F
4778,Greg Smith,Conservative,12.0,0.0,71.0,9.0,0.0,0.0,0.0,5.75,97.75,6.0,0,0.0,103.75,30.0,22.42990654205607,F
4263,Lucy Powell,Labour (Co-op),18.0,4.0,69.0,0.0,3.0,4.0,0.0,0.0,98.0,6.0,0,0.0,104.0,30.0,22.388059701492537,F
4573,Dr Rosena Allin-Khan,Labour,24.0,57.5,8.0,12.0,0.0,0.0,0.0,0.0,101.5,3.0,0,0.0,104.5,30.0,22.30483271375465,F
5174,Fred Thomas,Labour,54.5,0.0,20.0,18.0,0.0,0.0,0.0,9.0,101.5,3.0,0,0.0,104.5,30.0,22.30483271375465,F
5357,Ayoub Khan,Independent,3.0,64.0,2.0,3.0,13.0,8.0,0.0,6.0,99.0,6.0,0,0.0,105.0,30.0,22.22222222222222,F
4046,Bridget Phillipson,Labour,50.0,4.5,43.0,3.0,0.0,0.0,0.0,2.0,102.5,3.0,0,0.0,105.5,30.0,22.14022140221402,F
5201,Victoria Collins,Liberal Democrat,60.0,10.0,19.0,3.75,3.0,4.0,0.0,3.0,102.75,3.0,0,0.0,105.75,30.0,22.09944751381215,F
4483,Rishi Sunak,Conservative,7.0,65.5,8.0,0.0,3.0,4.0,0.0,13.5,101.0,6.0,0,0.0,107.0,30.0,21.897810218978105,F
1576,Mark Pritchard,Conservative,9.0,71.0,0.0,15.0,3.0,4.0,0.0,0.0,102.0,6.0,0,0.0,108.0,30.0,21.73913043478261,F
4110,Dame Karen Bradley,Conservative,5.0,44.0,38.0,0.0,0.0,0.0,0.0,18.25,105.25,3.0,0,0.0,108.25,30.0,21.6998191681736,F
1427,Andy Burnham,Labour (Co-op),50.5,4.0,33.0,6.0,3.0,4.0,0.0,5.0,105.5,3.0,0,0.0,108.5,30.0,21.660649819494584,F
5204,Sarah Sackman,Labour,62.5,34.5,2.0,0.0,3.0,0.0,0.0,5.0,107.0,3.0,0,0.0,110.0,30.0,21.42857142857143,F
4366,Sir James Cleverly,Conservative,70.0,32.0,0.0,3.75,0.0,0.0,0.0,2.0,107.75,6.0,0,0.0,113.75,30.0,20.869565217391308,F
3991,Jesse Norman,Conservative,16.0,74.0,0.0,12.0,0.0,4.0,0.0,2.0,108.0,6.0,0,0.0,114.0,30.0,20.833333333333336,F
5299,Monica Harding,Liberal Democrat,74.0,0.0,10.0,12.0,0.0,5.0,0.0,9.25,110.25,6.0,0,0.0,116.25,30.0,20.512820512820515,F
1211,Sir Andrew Mitchell,Conservative,55.0,23.0,0.0,30.0,0.0,4.0,0.0,2.25,114.25,3.0,0,0.0,117.25,30.0,20.37351443123939,F
5041,Shaun Davies,Labour,53.0,20.5,20.0,0.0,5.0,0.0,0.0,16.75,115.25,3.0,0,0.0,118.25,30.0,20.23608768971332,F
5316,Mike Reader,Labour,15.0,0.0,87.0,11.0,3.0,0.0,0.0,0.0,116.0,8.0,0,0.0,124.0,30.0,19.48051948051948,F
5067,Tony Vaughan,Labour,17.0,86.0,2.0,12.0,0.0,0.0,0.0,1.0,118.0,6.0,0,0.0,124.0,30.0,19.48051948051948,F
5070,Lisa Smart,Liberal Democrat,77.0,14.0,15.0,6.0,0.0,0.0,0.0,13.0,125.0,6.0,0,0.0,131.0,30.0,18.633540372670808,F
1446,Chris Bryant,Labour,7.0,64.5,49.0,0.0,0.0,0.0,0.0,10.0,130.5,3.0,0,0.0,133.5,30.0,18.34862385321101,F
5325,Charlie Maynard,Liberal Democrat,24.0,2.5,77.5,0.0,15.0,8.0,0.0,1.0,128.0,6.0,0,0.0,134.0,30.0,18.29268292682927,F
4066,Priti Patel,Conservative,39.75,0.0,60.0,28.75,0.0,0.0,0.0,3.0,131.5,3.0,0,0.0,134.5,30.0,18.237082066869306,F
4651,Dan Carden,Labour,13.0,40.0,45.5,38.0,0.0,0.0,0.0,7.0,143.5,0.0,0,0.0,143.5,30.0,17.29106628242075,F
206,Mr David Lammy,Labour,60.5,32.0,27.0,12.0,3.0,0.0,0.0,8.75,143.25,3.0,0,0.0,146.25,30.0,17.02127659574468,F
4743,Lee Anderson,Reform UK,17.0,105.5,6.0,5.0,0.0,0.0,0.0,5.0,138.5,8.0,0,0.0,146.5,30.0,16.997167138810198,F
4031,Rachel Reeves,Labour,72.75,6.0,61.0,0.0,5.0,0.0,0.0,0.0,144.75,3.0,0,0.0,147.75,30.0,16.877637130801688,F
4776,Munira Wilson,Liberal Democrat,93.0,0.0,48.0,0.0,0.0,0.0,0.0,1.0,142.0,6.0,0,0.0,148.0,30.0,16.85393258426966,F
4441,Sir Oliver Dowden,Conservative,11.0,65.5,46.0,20.75,0.0,0.0,0.0,4.0,147.25,3.0,0,0.0,150.25,30.0,16.643550624133148,F
4084,Esther McVey,Conservative,0.0,125.5,6.0,0.0,0.0,4.0,0.0,7.0,142.5,8.0,0,0.0,150.5,30.0,16.62049861495845,F
4484,Alan Mak,Conservative,92.75,10.0,20.0,17.0,0.0,4.0,0.0,9.25,153.0,6.0,0,0.0,159.0,30.0,15.873015873015872,F
5102,Carla Denyer,Green Party,44.0,10.0,102.0,0.0,0.0,0.0,0.0,8.25,164.25,6.0,0,0.0,170.25,30.0,14.9812734082397,F
4356,Angela Rayner,Labour,77.5,49.0,24.0,10.5,0.0,0.0,0.0,7.0,168.0,3.0,0,0.0,171.0,30.0,14.92537313432836,F
4475,Suella Braverman,Reform UK,8.0,102.5,35.0,15.75,3.75,0.0,0.0,0.0,165.0,6.0,0,0.0,171.0,30.0,14.92537313432836,F
4020,George Freeman,Conservative,0.0,108.0,14.5,12.75,0.0,7.0,0.0,23.0,165.25,6.0,0,0.0,171.25,30.0,14.906832298136647,F
4504,Wes Streeting,Labour,123.0,14.5,24.0,6.0,0.0,0.0,5.0,4.0,176.5,6.0,0,0.0,182.5,30.0,14.11764705882353,F
4769,Daisy Cooper,Liberal Democrat,97.5,0.0,80.0,0.0,3.0,0.0,0.0,1.0,181.5,3.0,0,0.0,184.5,30.0,13.986013986013983,F
146,Barry Gardiner,Labour,29.0,101.0,2.0,31.5,0.0,0.0,2.0,17.0,182.5,3.0,0,0.0,185.5,30.0,13.921113689095128,F
4320,Robert Jenrick,Reform UK,169.0,8.0,4.0,3.0,0.0,0.0,0.0,5.0,189.0,8.0,0,0.0,197.0,30.0,13.215859030837004,F
152,Sir Iain Duncan Smith,Conservative,10.0,144.0,14.0,21.75,0.0,0.0,0.0,0.0,189.75,8.0,0,0.0,197.75,30.0,13.172338090010976,F
1572,Sir Jeremy Hunt,Conservative,3.0,106.0,60.0,6.0,12.0,8.0,0.0,8.25,203.25,3.0,0,0.0,206.25,30.0,12.698412698412698,F
4597,Mrs Kemi Badenoch,Conservative,159.0,0.0,30.5,3.75,0.0,0.0,0.0,6.0,199.25,8.0,0,0.0,207.25,30.0,12.644889357218124,F
1508,Sir Geoffrey Cox,Conservative,0.0,182.0,0.0,3.0,8.0,8.0,0.0,0.0,201.0,10.0,0,0.0,211.0,30.0,12.448132780082988,F
5197,Dr Neil Shastri-Hurst,Conservative,23.0,157.5,18.5,6.0,0.0,0.0,0.0,1.25,206.25,8.0,0,0.0,214.25,30.0,12.282497441146369,F
4500,Clive Lewis,Labour,95.5,51.0,48.0,12.0,3.0,4.0,0.0,14.25,227.75,3.0,0,0.0,230.75,30.0,11.505273250239693,F
4514,Sir Keir Starmer,Labour,6.0,18.5,182.5,6.75,0.0,0.0,0.0,12.0,225.75,8.0,0,0.0,233.75,30.0,11.374407582938389,F
5219,Mike Martin,Liberal Democrat,211.0,9.0,7.0,0.0,3.75,5.0,0.0,4.75,240.5,8.0,0,0.0,248.5,30.0,10.771992818671457,F
185,Jeremy Corbyn,Your Party,17.0,0.0,152.5,75.0,0.0,0.0,0.0,15.0,259.5,3.0,0,0.0,262.5,30.0,10.256410256410255,F
5158,Rupert Lowe,Restore Britain,21.5,113.5,10.0,3.0,25.0,98.0,0.0,42.5,313.5,0.0,0,0.0,313.5,30.0,8.733624454148472,F
4462,Tom Tugendhat,Conservative,77.0,120.0,4.0,66.75,8.0,20.0,0.0,21.0,316.75,0.0,0,0.0,316.75,30.0,8.651766402307137,F
5091,Nigel Farage,Reform UK,0.0,239.5,18.0,38.0,6.0,12.0,0.0,18.0,331.5,6.0,0,0.0,337.5,30.0,8.16326530612245,F
